Transaction Id,Customer Id,Customer Age,Gender,Annual Income,Region,Product Category,Purchase Quantity,Unit Price,Discount Applied,Transaction Date,Payment Method
TXN-200000,CUST-5103,19.0,Female,88973.47,East Zone,Beauty & Health,3,651.26,0.0,2025-01-01 08:00,Credit Card
TXN-200001,CUST-5436,50.0,Female,34320.32,South Zone,Books & Media,2,211.5,0.0,2025-01-01 08:01,UPI Payment
TXN-200002,CUST-5861,50.0,Male,63424.19,West Zone,Books & Media,1,713.91,0.0,2025-01-01 08:02,Digital Wallet
TXN-200003,CUST-5271,58.0,Female,64295.35,North Zone,Books & Media,4,322.93,0.0,2025-01-01 08:03,Digital Wallet
TXN-200004,CUST-5107,30.0,Female,38421.88,East Zone,Books & Media,6,454.92,0.0,2025-01-01 08:04,Digital Wallet
TXN-200005,CUST-5072,47.0,Female,69021.68,North Zone,Electronics,5,800.99,0.0,2025-01-01 08:05,Credit Card
TXN-200006,CUST-5701,50.0,Female,82650.56,East Zone,Beauty & Health,3,580.82,0.0,2025-01-01 08:06,UPI Payment
TXN-200007,CUST-5021,30.0,Female,89898.88,North Zone,Home Electronics,1,550.71,0.1,2025-01-01 08:07,Digital Wallet
TXN-200008,CUST-5615,69.0,Female,57386.76,East Zone,Books & Media,2,606.45,0.05,2025-01-01 08:08,NetBanking
TXN-200009,CUST-5122,43.0,Male,108280.43,East Zone,Home Electronics,6,780.85,0.0,2025-01-01 08:09,Digital Wallet
TXN-200010,CUST-5467,39.0,Female,23927.62,South Zone,Electronics,6,215.37,0.0,2025-01-01 08:10,Digital Wallet
TXN-200011,CUST-5215,56.0,Male,68590.01,North Zone,Electronics,5,523.38,0.05,2025-01-01 08:11,NetBanking
TXN-200012,CUST-5331,19.0,Male,35872.56,South Zone,Apparel & Fashion,1,343.63,0.0,2025-01-01 08:12,Digital Wallet
TXN-200013,CUST-5459,55.0,Male,63668.38,South Zone,Books & Media,1,15.51,0.0,2025-01-01 08:13,Digital Wallet
TXN-200014,CUST-5088,56.0,Male,52344.73,North Zone,Apparel & Fashion,3,111.32,0.05,2025-01-01 08:14,NetBanking
TXN-200015,CUST-5373,43.0,Male,71377.23,East Zone,Home Electronics,4,279.96,0.25,2025-01-01 08:15,Credit Card
TXN-200016,CUST-5100,63.0,Male,59652.71,South Zone,Beauty & Health,4,482.64,0.0,2025-01-01 08:16,NetBanking
TXN-200017,CUST-5872,75.0,Female,,North Zone,Apparel & Fashion,7,749.91,0.0,2025-01-01 08:17,Credit Card
TXN-200018,CUST-5664,67.0,Female,47934.62,East Zone,Electronics,4,673.6,0.1,2025-01-01 08:18,Credit Card
TXN-200019,CUST-5131,32.0,Male,97750.5,South Zone,Books & Media,7,472.79,0.0,2025-01-01 08:19,Credit Card
TXN-200020,CUST-5662,51.0,Other,70205.19,South Zone,Home Electronics,6,67.88,0.1,2025-01-01 08:20,NetBanking
TXN-200021,CUST-5309,59.0,Female,30510.62,South Zone,Electronics,6,246.95,0.0,2025-01-01 08:21,NetBanking
TXN-200022,CUST-5770,72.0,Male,72189.57,East Zone,Beauty & Health,2,315.19,0.0,2025-01-01 08:22,Credit Card
TXN-200023,CUST-5344,61.0,Male,58398.48,South Zone,Books & Media,6,530.54,0.0,2025-01-01 08:23,NetBanking
TXN-200024,CUST-5492,66.0,Female,62085.12,East Zone,Beauty & Health,6,60.33,0.25,2025-01-01 08:24,Credit Card
TXN-200025,CUST-5414,57.0,Female,77167.93,West Zone,Beauty & Health,1,453.25,0.1,2025-01-01 08:25,NetBanking
TXN-200026,CUST-5806,28.0,Female,,South Zone,Books & Media,2,766.79,0.0,2025-01-01 08:26,UPI Payment
TXN-200027,CUST-5386,78.0,Male,46111.96,West Zone,Books & Media,1,601.24,0.05,2025-01-01 08:27,NetBanking
TXN-200028,CUST-5192,20.0,Male,61449.78,North Zone,Beauty & Health,3,678.63,0.05,2025-01-01 08:28,NetBanking
TXN-200029,CUST-5956,76.0,Male,51896.95,South Zone,Home Electronics,7,581.18,0.05,2025-01-01 08:29,NetBanking
TXN-200030,CUST-5277,23.0,Male,73041.95,North Zone,Books & Media,7,179.96,0.1,2025-01-01 08:30,Credit Card
TXN-200031,CUST-5161,26.0,Male,57702.37,North Zone,Electronics,3,98.8,0.0,2025-01-01 08:31,Credit Card
TXN-200032,CUST-5460,23.0,Male,62541.15,North Zone,Apparel & Fashion,7,706.0,0.0,2025-01-01 08:32,UPI Payment
TXN-200033,CUST-5314,26.0,Female,56999.88,West Zone,Home Electronics,2,592.85,0.25,2025-01-01 08:33,UPI Payment
TXN-200034,CUST-5022,56.0,Female,60036.79,East Zone,Books & Media,2,491.14,0.25,2025-01-01 08:34,Digital Wallet
TXN-200035,CUST-5253,48.0,Male,93536.04,West Zone,Books & Media,6,165.35,0.0,2025-01-01 08:35,UPI Payment
TXN-200036,CUST-5748,49.0,Female,106229.17,West Zone,Home Electronics,7,515.02,0.0,2025-01-01 08:36,Credit Card
TXN-200037,CUST-5857,58.0,Male,68976.2,North Zone,Apparel & Fashion,3,31.95,0.25,2025-01-01 08:37,UPI Payment
TXN-200038,CUST-5561,67.0,Female,60150.56,South Zone,Beauty & Health,5,105.86,0.0,2025-01-01 08:38,UPI Payment
TXN-200039,CUST-5475,29.0,Male,32480.72,East Zone,Electronics,4,268.89,0.05,2025-01-01 08:39,NetBanking
TXN-200040,CUST-5059,25.0,Female,47932.26,North Zone,Books & Media,6,380.24,0.0,2025-01-01 08:40,UPI Payment
TXN-200041,CUST-5511,25.0,Other,59655.38,East Zone,Apparel & Fashion,4,107.32,0.1,2025-01-01 08:41,Digital Wallet
TXN-200042,CUST-5682,67.0,Female,48771.33,West Zone,Electronics,3,106.79,0.0,2025-01-01 08:42,NetBanking
TXN-200043,CUST-5476,45.0,Male,50716.84,East Zone,Home Electronics,7,618.52,0.0,2025-01-01 08:43,Credit Card
TXN-200044,CUST-5700,79.0,Female,91144.71,East Zone,Books & Media,7,486.63,0.0,2025-01-01 08:44,Digital Wallet
TXN-200045,CUST-5976,37.0,Male,62532.63,South Zone,Beauty & Health,4,456.25,0.25,2025-01-01 08:45,Credit Card
TXN-200046,CUST-5783,79.0,Female,64186.92,North Zone,Home Electronics,5,387.58,0.05,2025-01-01 08:46,Digital Wallet
TXN-200047,CUST-5190,64.0,Female,49527.47,East Zone,Books & Media,7,830.19,0.1,2025-01-01 08:47,NetBanking
TXN-200048,CUST-5958,76.0,Male,83784.58,East Zone,Apparel & Fashion,5,47.56,0.0,2025-01-01 08:48,Digital Wallet
TXN-200049,CUST-5687,80.0,Female,58067.3,West Zone,Electronics,1,158.04,0.25,2025-01-01 08:49,Digital Wallet
TXN-200050,CUST-5958,24.0,Female,52364.02,West Zone,Electronics,2,552.32,0.1,2025-01-01 08:50,UPI Payment
TXN-200051,CUST-5563,28.0,Male,32756.11,East Zone,Books & Media,4,120.66,0.1,2025-01-01 08:51,Credit Card
TXN-200052,CUST-5876,37.0,Female,60869.61,North Zone,Home Electronics,7,503.23,0.25,2025-01-01 08:52,NetBanking
TXN-200053,CUST-5567,33.0,Male,51786.93,East Zone,Beauty & Health,5,484.97,0.0,2025-01-01 08:53,Digital Wallet
TXN-200054,CUST-5244,21.0,Female,93164.73,East Zone,Apparel & Fashion,7,825.51,0.05,2025-01-01 08:54,Credit Card
TXN-200055,CUST-5832,23.0,Female,96112.13,South Zone,Books & Media,2,751.52,0.25,2025-01-01 08:55,Credit Card
TXN-200056,CUST-5505,75.0,Female,39147.31,North Zone,Apparel & Fashion,2,804.02,0.1,2025-01-01 08:56,UPI Payment
TXN-200057,CUST-5131,39.0,Female,41240.17,South Zone,Electronics,1,101.44,0.05,2025-01-01 08:57,Credit Card
TXN-200058,CUST-5485,43.0,Female,56888.09,North Zone,Beauty & Health,2,738.65,0.0,2025-01-01 08:58,NetBanking
TXN-200059,CUST-5819,80.0,Male,46903.3,North Zone,Apparel & Fashion,2,114.52,0.05,2025-01-01 08:59,UPI Payment
TXN-200060,CUST-5647,20.0,Female,66022.21,North Zone,Books & Media,6,540.01,0.0,2025-01-01 09:00,Digital Wallet
TXN-200061,CUST-5021,80.0,Male,55957.47,South Zone,Beauty & Health,3,613.61,0.0,2025-01-01 09:01,NetBanking
TXN-200062,CUST-5841,58.0,Female,67189.85,South Zone,Home Electronics,7,141.34,0.1,2025-01-01 09:02,NetBanking
TXN-200063,CUST-5167,77.0,Male,80797.73,South Zone,Books & Media,1,539.78,0.0,2025-01-01 09:03,NetBanking
TXN-200064,CUST-5274,59.0,Male,42311.9,West Zone,Apparel & Fashion,1,49.8,0.0,2025-01-01 09:04,UPI Payment
TXN-200065,CUST-5388,31.0,Female,80411.41,South Zone,Beauty & Health,4,253.16,0.05,2025-01-01 09:05,Credit Card
TXN-200066,CUST-5601,28.0,Male,48519.93,West Zone,Books & Media,2,783.42,0.0,2025-01-01 09:06,NetBanking
TXN-200067,CUST-5316,35.0,Female,101746.93,West Zone,Beauty & Health,4,150.53,0.0,2025-01-01 09:07,Credit Card
TXN-200068,CUST-5014,71.0,Male,91988.06,West Zone,Beauty & Health,6,60.62,0.0,2025-01-01 09:08,Credit Card
TXN-200069,CUST-5242,29.0,Male,59908.01,East Zone,Beauty & Health,5,380.19,0.0,2025-01-01 09:09,NetBanking
TXN-200070,CUST-5777,40.0,Female,44173.71,East Zone,Apparel & Fashion,2,723.85,0.0,2025-01-01 09:10,Credit Card
TXN-200071,CUST-5346,29.0,Male,40634.98,East Zone,Books & Media,5,70.25,0.0,2025-01-01 09:11,UPI Payment
TXN-200072,CUST-5565,30.0,Male,78162.13,West Zone,Electronics,3,305.75,0.0,2025-01-01 09:12,UPI Payment
TXN-200073,CUST-5898,42.0,Female,61437.55,West Zone,Electronics,6,765.36,0.0,2025-01-01 09:13,Digital Wallet
TXN-200074,CUST-5340,62.0,Male,79147.04,North Zone,Apparel & Fashion,2,105.28,0.0,2025-01-01 09:14,Credit Card
TXN-200075,CUST-5092,68.0,Female,102778.24,West Zone,Apparel & Fashion,4,267.86,0.25,2025-01-01 09:15,Credit Card
TXN-200076,CUST-5367,75.0,Male,47747.92,East Zone,Beauty & Health,4,662.88,0.0,2025-01-01 09:16,Digital Wallet
TXN-200077,CUST-5956,36.0,Male,39242.44,West Zone,Books & Media,2,464.24,0.05,2025-01-01 09:17,UPI Payment
TXN-200078,CUST-5455,72.0,Female,65562.36,West Zone,Books & Media,7,708.41,0.0,2025-01-01 09:18,Digital Wallet
TXN-200079,CUST-5428,63.0,Male,295000.0,North Zone,Home Electronics,4,99.74,0.1,2025-01-01 09:19,Digital Wallet
TXN-200080,CUST-5509,53.0,Male,44601.48,West Zone,Home Electronics,7,782.91,0.05,2025-01-01 09:20,Digital Wallet
TXN-200081,CUST-5776,62.0,Male,62640.56,South Zone,Electronics,2,795.03,0.0,2025-01-01 09:21,Credit Card
TXN-200082,CUST-5943,25.0,Male,87345.81,North Zone,Home Electronics,1,136.66,0.0,2025-01-01 09:22,Credit Card
TXN-200083,CUST-5035,,Female,31791.76,West Zone,Home Electronics,4,34.11,0.0,2025-01-01 09:23,Credit Card
TXN-200084,CUST-5206,72.0,Male,66353.38,West Zone,Electronics,7,841.42,0.05,2025-01-01 09:24,Credit Card
TXN-200085,CUST-5081,70.0,Female,52008.09,North Zone,Electronics,2,412.76,0.0,2025-01-01 09:25,NetBanking
TXN-200086,CUST-5932,72.0,Female,64296.9,West Zone,Home Electronics,2,488.62,0.1,2025-01-01 09:26,Digital Wallet
TXN-200087,CUST-5562,49.0,Male,75131.01,East Zone,Books & Media,7,525.63,0.0,2025-01-01 09:27,Digital Wallet
TXN-200088,CUST-5872,68.0,Female,66084.96,South Zone,Home Electronics,4,672.38,0.0,2025-01-01 09:28,Credit Card
TXN-200089,CUST-5388,61.0,Male,43310.89,South Zone,Beauty & Health,1,691.22,0.05,2025-01-01 09:29,UPI Payment
TXN-200090,CUST-5002,35.0,Other,52726.95,East Zone,Beauty & Health,4,169.27,0.1,2025-01-01 09:30,NetBanking
TXN-200091,CUST-5390,23.0,Male,88391.97,West Zone,Beauty & Health,2,205.34,0.0,2025-01-01 09:31,NetBanking
TXN-200092,CUST-5566,35.0,Female,68085.26,West Zone,Apparel & Fashion,1,745.99,0.05,2025-01-01 09:32,UPI Payment
TXN-200093,CUST-5106,36.0,Female,77545.9,South Zone,Beauty & Health,5,697.58,0.0,2025-01-01 09:33,Credit Card
TXN-200094,CUST-5772,39.0,Male,66630.46,West Zone,Books & Media,3,527.08,0.05,2025-01-01 09:34,NetBanking
TXN-200095,CUST-5822,54.0,Female,76968.65,South Zone,Apparel & Fashion,4,845.52,0.1,2025-01-01 09:35,NetBanking
TXN-200096,CUST-5477,49.0,Female,54671.3,South Zone,Apparel & Fashion,6,626.36,0.1,2025-01-01 09:36,Digital Wallet
TXN-200097,CUST-5703,73.0,Male,47801.03,East Zone,Beauty & Health,2,187.77,0.0,2025-01-01 09:37,Digital Wallet
TXN-200098,CUST-5402,58.0,Male,76128.41,South Zone,Home Electronics,1,720.49,0.0,2025-01-01 09:38,Credit Card
TXN-200099,CUST-5730,76.0,Female,82856.42,West Zone,Electronics,7,355.74,0.05,2025-01-01 09:39,Credit Card
TXN-200100,CUST-5556,20.0,Female,45085.8,West Zone,Home Electronics,7,36.03,0.0,2025-01-01 09:40,Digital Wallet
TXN-200101,CUST-5162,45.0,Other,51345.02,North Zone,Home Electronics,7,276.94,0.05,2025-01-01 09:41,Digital Wallet
TXN-200102,CUST-5202,27.0,Female,58980.31,West Zone,Apparel & Fashion,1,650.32,0.0,2025-01-01 09:42,Digital Wallet
TXN-200103,CUST-5958,68.0,Other,91966.76,North Zone,Apparel & Fashion,5,816.39,0.0,2025-01-01 09:43,UPI Payment
TXN-200104,CUST-5996,52.0,Female,72418.01,South Zone,Apparel & Fashion,4,238.7,0.1,2025-01-01 09:44,NetBanking
TXN-200105,CUST-5270,78.0,Male,37504.39,West Zone,Books & Media,6,213.68,0.0,2025-01-01 09:45,Credit Card
TXN-200106,CUST-5863,46.0,Male,60279.82,East Zone,Books & Media,7,481.47,0.25,2025-01-01 09:46,Credit Card
TXN-200107,CUST-5816,71.0,Female,,East Zone,Electronics,1,690.97,0.1,2025-01-01 09:47,UPI Payment
TXN-200108,CUST-5271,80.0,Female,40294.51,East Zone,Apparel & Fashion,7,635.94,0.05,2025-01-01 09:48,Digital Wallet
TXN-200109,CUST-5456,32.0,Male,60061.35,South Zone,Beauty & Health,5,478.39,0.0,2025-01-01 09:49,NetBanking
TXN-200110,CUST-5462,,Male,56634.31,South Zone,Apparel & Fashion,2,538.71,0.25,2025-01-01 09:50,Digital Wallet
TXN-200111,CUST-5727,24.0,Other,55309.8,North Zone,Books & Media,7,209.95,0.1,2025-01-01 09:51,Credit Card
TXN-200112,CUST-5252,29.0,Female,54463.44,East Zone,Apparel & Fashion,5,370.81,0.0,2025-01-01 09:52,UPI Payment
TXN-200113,CUST-5702,66.0,Male,89220.78,North Zone,Books & Media,4,221.16,0.0,2025-01-01 09:53,NetBanking
TXN-200114,CUST-5296,47.0,Male,55271.49,North Zone,Apparel & Fashion,7,752.39,0.0,2025-01-01 09:54,NetBanking
TXN-200115,CUST-5725,38.0,Male,62918.91,West Zone,Beauty & Health,5,100.55,0.25,2025-01-01 09:55,NetBanking
TXN-200116,CUST-5720,48.0,Male,60912.85,West Zone,Electronics,1,579.54,0.1,2025-01-01 09:56,NetBanking
TXN-200117,CUST-5749,75.0,Male,52657.19,East Zone,Beauty & Health,1,225.31,0.25,2025-01-01 09:57,UPI Payment
TXN-200118,CUST-5338,78.0,Male,63470.84,South Zone,Books & Media,3,407.13,0.1,2025-01-01 09:58,Credit Card
TXN-200119,CUST-5879,41.0,Female,63208.99,West Zone,Home Electronics,5,258.35,0.0,2025-01-01 09:59,NetBanking
TXN-200120,CUST-5053,37.0,Male,63475.5,South Zone,Beauty & Health,2,278.48,0.0,2025-01-01 10:00,NetBanking
TXN-200121,CUST-5792,54.0,Female,46104.19,North Zone,Apparel & Fashion,7,225.4,0.0,2025-01-01 10:01,Credit Card
TXN-200122,CUST-5922,21.0,Female,58186.7,North Zone,Electronics,6,641.23,0.0,2025-01-01 10:02,Digital Wallet
TXN-200123,CUST-5217,45.0,Male,76065.95,North Zone,Apparel & Fashion,6,314.35,0.0,2025-01-01 10:03,NetBanking
TXN-200124,CUST-5764,61.0,Female,58673.39,North Zone,Apparel & Fashion,4,618.91,0.25,2025-01-01 10:04,NetBanking
TXN-200125,CUST-5188,79.0,Female,,East Zone,Beauty & Health,3,390.65,0.25,2025-01-01 10:05,Digital Wallet
TXN-200126,CUST-5380,37.0,Female,65090.18,North Zone,Electronics,5,467.65,0.0,2025-01-01 10:06,Credit Card
TXN-200127,CUST-5493,77.0,Male,69721.81,West Zone,Home Electronics,2,464.31,0.05,2025-01-01 10:07,Credit Card
TXN-200128,CUST-5041,41.0,Female,72335.04,North Zone,Apparel & Fashion,3,829.61,0.05,2025-01-01 10:08,NetBanking
TXN-200129,CUST-5157,67.0,Female,58778.21,South Zone,Electronics,1,315.48,0.0,2025-01-01 10:09,Credit Card
TXN-200130,CUST-5015,66.0,Male,45140.3,West Zone,Home Electronics,4,180.89,0.05,2025-01-01 10:10,Digital Wallet
TXN-200131,CUST-5813,68.0,Male,39453.77,South Zone,Apparel & Fashion,7,775.51,0.0,2025-01-01 10:11,UPI Payment
TXN-200132,CUST-5065,49.0,Female,80827.2,South Zone,Electronics,7,153.15,0.25,2025-01-01 10:12,Digital Wallet
TXN-200133,CUST-5857,58.0,Female,76249.63,East Zone,Beauty & Health,7,710.17,0.05,2025-01-01 10:13,Digital Wallet
TXN-200134,CUST-5839,53.0,Male,74013.25,East Zone,Apparel & Fashion,5,132.36,0.1,2025-01-01 10:14,UPI Payment
TXN-200135,CUST-5521,75.0,Female,77007.27,South Zone,Apparel & Fashion,6,561.79,0.0,2025-01-01 10:15,Digital Wallet
TXN-200136,CUST-5344,70.0,Male,59011.21,South Zone,Electronics,2,132.63,0.0,2025-01-01 10:16,NetBanking
TXN-200137,CUST-5129,51.0,Female,50439.79,North Zone,Apparel & Fashion,7,785.05,0.0,2025-01-01 10:17,NetBanking
TXN-200138,CUST-5648,81.0,Male,43862.46,West Zone,Home Electronics,7,482.65,0.1,2025-01-01 10:18,Credit Card
TXN-200139,CUST-5472,53.0,Female,41847.03,North Zone,Apparel & Fashion,1,283.57,0.25,2025-01-01 10:19,Credit Card
TXN-200140,CUST-5063,,Male,84424.94,East Zone,Books & Media,3,124.0,0.0,2025-01-01 10:20,Digital Wallet
TXN-200141,CUST-5139,32.0,Male,52876.82,East Zone,Home Electronics,7,318.97,0.1,2025-01-01 10:21,NetBanking
TXN-200142,CUST-5499,51.0,Male,81514.89,North Zone,Electronics,4,600.89,0.0,2025-01-01 10:22,NetBanking
TXN-200143,CUST-5593,53.0,Male,58542.61,West Zone,Home Electronics,3,330.59,0.0,2025-01-01 10:23,UPI Payment
TXN-200144,CUST-5392,23.0,Female,49489.54,South Zone,Books & Media,6,213.33,0.05,2025-01-01 10:24,Credit Card
TXN-200145,CUST-5675,56.0,Male,41754.25,North Zone,Books & Media,3,493.12,0.1,2025-01-01 10:25,NetBanking
TXN-200146,CUST-5419,59.0,Female,51119.14,East Zone,Apparel & Fashion,2,358.35,0.0,2025-01-01 10:26,Digital Wallet
TXN-200147,CUST-5289,68.0,Male,88237.42,West Zone,Apparel & Fashion,1,145.52,0.0,2025-01-01 10:27,NetBanking
TXN-200148,CUST-5379,68.0,Male,41942.11,East Zone,Beauty & Health,5,135.54,0.0,2025-01-01 10:28,Credit Card
TXN-200149,CUST-5773,75.0,Male,101159.82,West Zone,Home Electronics,2,602.95,0.0,2025-01-01 10:29,Digital Wallet
TXN-200150,CUST-5490,71.0,Male,46448.76,West Zone,Beauty & Health,6,828.61,0.25,2025-01-01 10:30,Credit Card
TXN-200151,CUST-5231,78.0,Male,75874.07,West Zone,Books & Media,4,202.35,0.05,2025-01-01 10:31,NetBanking
TXN-200152,CUST-5041,29.0,Male,59312.85,North Zone,Apparel & Fashion,6,658.42,0.0,2025-01-01 10:32,NetBanking
TXN-200153,CUST-5028,20.0,Female,56069.65,North Zone,Apparel & Fashion,6,79.48,0.0,2025-01-01 10:33,NetBanking
TXN-200154,CUST-5135,62.0,Male,38478.72,North Zone,Apparel & Fashion,3,327.74,0.25,2025-01-01 10:34,Credit Card
TXN-200155,CUST-5201,35.0,Female,60179.73,West Zone,Electronics,4,433.4,0.05,2025-01-01 10:35,Digital Wallet
TXN-200156,CUST-5840,57.0,Female,,West Zone,Books & Media,2,232.46,0.05,2025-01-01 10:36,NetBanking
TXN-200157,CUST-5780,38.0,Male,30890.82,East Zone,Apparel & Fashion,6,452.73,0.0,2025-01-01 10:37,NetBanking
TXN-200158,CUST-5930,32.0,Female,64212.58,South Zone,Books & Media,2,750.87,0.1,2025-01-01 10:38,NetBanking
TXN-200159,CUST-5033,50.0,Other,50244.67,North Zone,Apparel & Fashion,7,803.08,0.0,2025-01-01 10:39,UPI Payment
TXN-200160,CUST-5048,52.0,Female,93160.45,West Zone,Home Electronics,7,90.42,0.05,2025-01-01 10:40,UPI Payment
TXN-200161,CUST-5503,43.0,Female,80500.4,East Zone,Books & Media,7,235.07,0.25,2025-01-01 10:41,Digital Wallet
TXN-200162,CUST-5407,25.0,Male,93402.5,East Zone,Beauty & Health,5,832.38,0.0,2025-01-01 10:42,Credit Card
TXN-200163,CUST-5574,53.0,Female,49403.67,East Zone,Electronics,3,233.87,0.0,2025-01-01 10:43,NetBanking
TXN-200164,CUST-5728,65.0,Female,64518.55,North Zone,Beauty & Health,2,590.49,0.0,2025-01-01 10:44,NetBanking
TXN-200165,CUST-5805,47.0,Female,13517.59,North Zone,Books & Media,7,219.54,0.0,2025-01-01 10:45,Credit Card
TXN-200166,CUST-5099,40.0,Other,56786.66,South Zone,Apparel & Fashion,7,306.45,0.0,2025-01-01 10:46,Credit Card
TXN-200167,CUST-5684,59.0,Male,63822.22,East Zone,Books & Media,4,167.04,0.25,2025-01-01 10:47,Digital Wallet
TXN-200168,CUST-5872,61.0,Male,64849.89,North Zone,Electronics,6,728.65,0.0,2025-01-01 10:48,Credit Card
TXN-200169,CUST-5726,31.0,Female,61216.18,East Zone,Books & Media,7,750.9,0.05,2025-01-01 10:49,NetBanking
TXN-200170,CUST-5987,31.0,Female,63231.96,West Zone,Apparel & Fashion,5,256.24,0.1,2025-01-01 10:50,Digital Wallet
TXN-200171,CUST-5547,19.0,Male,11805.01,East Zone,Beauty & Health,4,701.02,0.25,2025-01-01 10:51,UPI Payment
TXN-200172,CUST-5961,72.0,Male,66740.1,South Zone,Home Electronics,3,308.04,0.0,2025-01-01 10:52,Digital Wallet
TXN-200173,CUST-5739,54.0,Male,70943.64,North Zone,Beauty & Health,5,89.12,0.0,2025-01-01 10:53,Digital Wallet
TXN-200174,CUST-5613,22.0,Male,86753.47,West Zone,Apparel & Fashion,5,645.7,0.0,2025-01-01 10:54,Digital Wallet
TXN-200175,CUST-5943,,Female,68821.65,North Zone,Apparel & Fashion,5,509.2,0.0,2025-01-01 10:55,Credit Card
TXN-200176,CUST-5462,62.0,Female,59581.36,West Zone,Electronics,6,237.22,0.05,2025-01-01 10:56,NetBanking
TXN-200177,CUST-5643,58.0,Male,82441.43,East Zone,Books & Media,7,219.16,0.0,2025-01-01 10:57,Credit Card
TXN-200178,CUST-5769,79.0,Male,18389.32,East Zone,Books & Media,1,829.41,0.0,2025-01-01 10:58,NetBanking
TXN-200179,CUST-5005,71.0,Male,52473.45,South Zone,Beauty & Health,5,733.88,0.0,2025-01-01 10:59,Credit Card
TXN-200180,CUST-5218,77.0,Male,47832.52,South Zone,Home Electronics,4,689.37,0.05,2025-01-01 11:00,Digital Wallet
TXN-200181,CUST-5503,78.0,Female,61361.35,West Zone,Home Electronics,4,113.61,0.0,2025-01-01 11:01,NetBanking
TXN-200182,CUST-5767,64.0,Other,21324.18,South Zone,Electronics,3,643.26,0.0,2025-01-01 11:02,Credit Card
TXN-200183,CUST-5398,31.0,Female,86413.26,South Zone,Apparel & Fashion,2,186.68,0.0,2025-01-01 11:03,Digital Wallet
TXN-200184,CUST-5871,73.0,Male,57378.52,South Zone,Electronics,2,830.9,0.05,2025-01-01 11:04,UPI Payment
TXN-200185,CUST-5795,56.0,Female,67897.74,South Zone,Books & Media,1,49.49,0.05,2025-01-01 11:05,Credit Card
TXN-200186,CUST-5393,42.0,Female,66127.19,East Zone,Apparel & Fashion,6,302.88,0.0,2025-01-01 11:06,Credit Card
TXN-200187,CUST-5207,37.0,Female,85356.06,South Zone,Electronics,7,367.49,0.1,2025-01-01 11:07,UPI Payment
TXN-200188,CUST-5015,19.0,Male,27553.92,East Zone,Beauty & Health,6,701.54,0.0,2025-01-01 11:08,Credit Card
TXN-200189,CUST-5858,56.0,Male,64077.94,East Zone,Books & Media,7,652.58,0.0,2025-01-01 11:09,UPI Payment
TXN-200190,CUST-5554,23.0,Male,83204.3,North Zone,Home Electronics,5,322.18,0.0,2025-01-01 11:10,NetBanking
TXN-200191,CUST-5892,34.0,Male,60187.25,East Zone,Electronics,7,483.12,0.0,2025-01-01 11:11,UPI Payment
TXN-200192,CUST-5461,76.0,Male,44401.52,East Zone,Books & Media,1,711.16,0.05,2025-01-01 11:12,Digital Wallet
TXN-200193,CUST-5691,42.0,Male,50828.03,South Zone,Books & Media,3,20.87,0.0,2025-01-01 11:13,UPI Payment
TXN-200194,CUST-5575,74.0,Female,54730.57,East Zone,Home Electronics,3,682.94,0.05,2025-01-01 11:14,NetBanking
TXN-200195,CUST-5864,45.0,Female,,West Zone,Home Electronics,2,805.15,0.0,2025-01-01 11:15,UPI Payment
TXN-200196,CUST-5743,19.0,Female,59172.99,South Zone,Home Electronics,3,32.58,0.25,2025-01-01 11:16,UPI Payment
TXN-200197,CUST-5241,52.0,Male,89902.58,South Zone,Electronics,5,43.99,0.05,2025-01-01 11:17,NetBanking
TXN-200198,CUST-5564,54.0,Other,50948.75,South Zone,Home Electronics,4,296.44,0.05,2025-01-01 11:18,Credit Card
TXN-200199,CUST-5096,22.0,Female,52978.03,North Zone,Beauty & Health,3,79.62,0.05,2025-01-01 11:19,Credit Card
TXN-200200,CUST-5900,80.0,Female,70505.94,South Zone,Books & Media,1,410.25,0.25,2025-01-01 11:20,Digital Wallet
TXN-200201,CUST-5734,18.0,Other,58765.82,East Zone,Home Electronics,5,620.9,0.25,2025-01-01 11:21,Digital Wallet
TXN-200202,CUST-5485,,Female,37410.08,West Zone,Books & Media,3,484.25,0.0,2025-01-01 11:22,UPI Payment
TXN-200203,CUST-5407,29.0,Other,295000.0,South Zone,Apparel & Fashion,6,171.39,0.0,2025-01-01 11:23,Credit Card
TXN-200204,CUST-5231,73.0,Male,60170.51,South Zone,Apparel & Fashion,7,558.49,0.0,2025-01-01 11:24,Credit Card
TXN-200205,CUST-5749,53.0,Male,80050.05,West Zone,Home Electronics,3,583.86,0.0,2025-01-01 11:25,UPI Payment
TXN-200206,CUST-5655,62.0,Male,44015.18,South Zone,Books & Media,6,792.95,0.0,2025-01-01 11:26,NetBanking
TXN-200207,CUST-5171,40.0,Male,80172.91,North Zone,Apparel & Fashion,5,129.47,0.0,2025-01-01 11:27,Credit Card
TXN-200208,CUST-5541,64.0,Male,60190.13,East Zone,Home Electronics,3,590.18,0.25,2025-01-01 11:28,Digital Wallet
TXN-200209,CUST-5036,48.0,Female,41503.08,West Zone,Books & Media,6,775.2,0.0,2025-01-01 11:29,UPI Payment
TXN-200210,CUST-5525,28.0,Female,37787.6,West Zone,Home Electronics,4,429.07,0.1,2025-01-01 11:30,NetBanking
TXN-200211,CUST-5160,27.0,Female,97786.19,North Zone,Books & Media,2,311.04,0.0,2025-01-01 11:31,Digital Wallet
TXN-200212,CUST-5839,20.0,Male,59041.55,East Zone,Apparel & Fashion,5,149.7,0.05,2025-01-01 11:32,Credit Card
TXN-200213,CUST-5699,71.0,Female,79325.33,North Zone,Home Electronics,6,737.5,0.0,2025-01-01 11:33,NetBanking
TXN-200214,CUST-5243,31.0,Female,30399.79,East Zone,Apparel & Fashion,1,338.44,0.05,2025-01-01 11:34,Digital Wallet
TXN-200215,CUST-5086,33.0,Male,110797.36,North Zone,Home Electronics,3,786.56,0.0,2025-01-01 11:35,UPI Payment
TXN-200216,CUST-5796,27.0,Female,78525.03,South Zone,Electronics,6,721.43,0.0,2025-01-01 11:36,NetBanking
TXN-200217,CUST-5578,46.0,Male,57274.36,North Zone,Apparel & Fashion,7,323.57,0.1,2025-01-01 11:37,NetBanking
TXN-200218,CUST-5682,27.0,Male,56335.93,West Zone,Apparel & Fashion,6,490.17,0.0,2025-01-01 11:38,UPI Payment
TXN-200219,CUST-5557,29.0,Female,75590.07,West Zone,Beauty & Health,6,28.45,0.0,2025-01-01 11:39,Credit Card
TXN-200220,CUST-5574,47.0,Male,74527.86,West Zone,Apparel & Fashion,7,227.79,0.0,2025-01-01 11:40,Credit Card
TXN-200221,CUST-5953,58.0,Female,65376.79,North Zone,Books & Media,2,605.33,0.1,2025-01-01 11:41,NetBanking
TXN-200222,CUST-5646,18.0,Female,62201.26,West Zone,Home Electronics,7,578.0,0.0,2025-01-01 11:42,NetBanking
TXN-200223,CUST-5796,22.0,Female,72379.74,West Zone,Electronics,7,303.92,0.05,2025-01-01 11:43,NetBanking
TXN-200224,CUST-5028,37.0,Male,29778.48,South Zone,Books & Media,1,688.37,0.0,2025-01-01 11:44,Digital Wallet
TXN-200225,CUST-5620,25.0,Male,55131.42,South Zone,Books & Media,7,204.66,0.0,2025-01-01 11:45,NetBanking
TXN-200226,CUST-5556,60.0,Male,31533.02,East Zone,Books & Media,1,395.04,0.1,2025-01-01 11:46,Credit Card
TXN-200227,CUST-5340,29.0,Female,73184.96,East Zone,Books & Media,4,404.55,0.0,2025-01-01 11:47,UPI Payment
TXN-200228,CUST-5798,18.0,Male,49497.44,East Zone,Electronics,7,293.32,0.05,2025-01-01 11:48,UPI Payment
TXN-200229,CUST-5958,74.0,Male,32925.81,North Zone,Beauty & Health,2,811.72,0.0,2025-01-01 11:49,UPI Payment
TXN-200230,CUST-5331,,Other,47314.95,East Zone,Apparel & Fashion,7,593.85,0.0,2025-01-01 11:50,NetBanking
TXN-200231,CUST-5640,71.0,Female,64763.09,North Zone,Books & Media,6,460.85,0.0,2025-01-01 11:51,NetBanking
TXN-200232,CUST-5506,37.0,Male,58203.27,North Zone,Apparel & Fashion,5,436.63,0.05,2025-01-01 11:52,UPI Payment
TXN-200233,CUST-5348,45.0,Female,40296.6,East Zone,Apparel & Fashion,2,140.03,0.05,2025-01-01 11:53,Digital Wallet
TXN-200234,CUST-5473,74.0,Female,30459.93,East Zone,Books & Media,7,319.81,0.05,2025-01-01 11:54,Digital Wallet
TXN-200235,CUST-5231,60.0,Male,63367.76,North Zone,Beauty & Health,2,573.66,0.0,2025-01-01 11:55,Digital Wallet
TXN-200236,CUST-5190,54.0,Male,51255.79,South Zone,Apparel & Fashion,1,786.3,0.0,2025-01-01 11:56,Digital Wallet
TXN-200237,CUST-5225,64.0,Female,57225.51,West Zone,Home Electronics,4,695.0,0.0,2025-01-01 11:57,Credit Card
TXN-200238,CUST-5385,54.0,Male,59045.82,West Zone,Apparel & Fashion,4,259.18,0.1,2025-01-01 11:58,UPI Payment
TXN-200239,CUST-5377,29.0,Female,69956.22,West Zone,Books & Media,2,371.98,0.1,2025-01-01 11:59,Credit Card
TXN-200240,CUST-5283,54.0,Male,77668.51,South Zone,Electronics,2,75.52,0.0,2025-01-01 12:00,NetBanking
TXN-200241,CUST-5958,66.0,Male,64710.42,North Zone,Apparel & Fashion,7,91.78,0.0,2025-01-01 12:01,Digital Wallet
TXN-200242,CUST-5633,66.0,Male,56071.44,East Zone,Beauty & Health,3,402.61,0.0,2025-01-01 12:02,Digital Wallet
TXN-200243,CUST-5628,73.0,Male,62458.13,North Zone,Home Electronics,6,453.27,0.25,2025-01-01 12:03,UPI Payment
TXN-200244,CUST-5973,61.0,Male,55724.12,North Zone,Home Electronics,1,228.47,0.1,2025-01-01 12:04,Digital Wallet
TXN-200245,CUST-5745,73.0,Male,31612.76,East Zone,Electronics,6,548.33,0.0,2025-01-01 12:05,UPI Payment
TXN-200246,CUST-5259,45.0,Female,82201.0,South Zone,Electronics,5,599.5,0.0,2025-01-01 12:06,NetBanking
TXN-200247,CUST-5359,64.0,Other,78713.62,West Zone,Apparel & Fashion,5,258.1,0.0,2025-01-01 12:07,Digital Wallet
TXN-200248,CUST-5710,32.0,Female,98784.18,West Zone,Books & Media,4,645.99,0.05,2025-01-01 12:08,Digital Wallet
TXN-200249,CUST-5456,23.0,Female,104189.24,North Zone,Beauty & Health,1,179.13,0.05,2025-01-01 12:09,Credit Card
TXN-200250,CUST-5411,61.0,Male,40243.63,South Zone,Home Electronics,6,465.12,0.0,2025-01-01 12:10,UPI Payment
TXN-200251,CUST-5649,76.0,Other,55795.1,West Zone,Electronics,4,684.72,0.1,2025-01-01 12:11,UPI Payment
TXN-200252,CUST-5318,78.0,Male,108463.48,South Zone,Beauty & Health,5,459.0,0.0,2025-01-01 12:12,Digital Wallet
TXN-200253,CUST-5677,,Other,61249.81,East Zone,Books & Media,2,772.27,0.0,2025-01-01 12:13,Credit Card
TXN-200254,CUST-5225,67.0,Other,66517.9,North Zone,Home Electronics,1,54.9,0.05,2025-01-01 12:14,Digital Wallet
TXN-200255,CUST-5819,31.0,Female,33859.1,North Zone,Home Electronics,1,502.33,0.0,2025-01-01 12:15,UPI Payment
TXN-200256,CUST-5234,19.0,Other,64780.34,South Zone,Books & Media,6,479.9,0.25,2025-01-01 12:16,UPI Payment
TXN-200257,CUST-5684,26.0,Female,97740.9,West Zone,Home Electronics,7,563.17,0.0,2025-01-01 12:17,Digital Wallet
TXN-200258,CUST-5664,80.0,Male,85802.58,South Zone,Books & Media,3,709.31,0.0,2025-01-01 12:18,NetBanking
TXN-200259,CUST-5975,54.0,Male,50715.28,East Zone,Home Electronics,6,618.48,0.05,2025-01-01 12:19,Digital Wallet
TXN-200260,CUST-5827,37.0,Female,54668.15,West Zone,Apparel & Fashion,2,672.89,0.0,2025-01-01 12:20,Credit Card
TXN-200261,CUST-5374,43.0,Male,,West Zone,Books & Media,7,249.41,0.0,2025-01-01 12:21,UPI Payment
TXN-200262,CUST-5672,46.0,Female,46253.48,South Zone,Beauty & Health,7,332.74,0.25,2025-01-01 12:22,UPI Payment
TXN-200263,CUST-5608,18.0,Other,26661.08,East Zone,Apparel & Fashion,7,534.81,0.0,2025-01-01 12:23,Digital Wallet
TXN-200264,CUST-5472,72.0,Male,60430.84,West Zone,Beauty & Health,2,472.9,0.0,2025-01-01 12:24,NetBanking
TXN-200265,CUST-5233,,Female,89937.05,North Zone,Home Electronics,4,817.15,0.1,2025-01-01 12:25,UPI Payment
TXN-200266,CUST-5692,23.0,Female,68575.49,East Zone,Beauty & Health,1,163.28,0.0,2025-01-01 12:26,Digital Wallet
TXN-200267,CUST-5113,54.0,Female,87275.42,West Zone,Apparel & Fashion,4,302.15,0.0,2025-01-01 12:27,NetBanking
TXN-200268,CUST-5830,70.0,Other,81855.11,South Zone,Books & Media,2,489.19,0.05,2025-01-01 12:28,Digital Wallet
TXN-200269,CUST-5497,76.0,Female,51884.05,West Zone,Electronics,3,738.5,0.0,2025-01-01 12:29,Digital Wallet
TXN-200270,CUST-5442,22.0,Other,47949.13,North Zone,Beauty & Health,1,790.33,0.25,2025-01-01 12:30,Digital Wallet
TXN-200271,CUST-5564,50.0,Female,48658.09,East Zone,Electronics,2,289.28,0.0,2025-01-01 12:31,UPI Payment
TXN-200272,CUST-5268,66.0,Male,30234.35,West Zone,Beauty & Health,3,62.17,0.05,2025-01-01 12:32,NetBanking
TXN-200273,CUST-5510,68.0,Female,62598.11,North Zone,Beauty & Health,6,361.56,0.0,2025-01-01 12:33,Credit Card
TXN-200274,CUST-5807,31.0,Female,8267.41,West Zone,Books & Media,5,338.52,0.0,2025-01-01 12:34,Credit Card
TXN-200275,CUST-5386,29.0,Male,72941.19,West Zone,Home Electronics,7,838.59,0.05,2025-01-01 12:35,UPI Payment
TXN-200276,CUST-5387,59.0,Female,63329.8,East Zone,Apparel & Fashion,2,369.53,0.0,2025-01-01 12:36,UPI Payment
TXN-200277,CUST-5113,37.0,Female,70721.64,South Zone,Apparel & Fashion,5,263.68,0.1,2025-01-01 12:37,Digital Wallet
TXN-200278,CUST-5613,70.0,Male,81554.8,South Zone,Apparel & Fashion,4,314.06,0.0,2025-01-01 12:38,Digital Wallet
TXN-200279,CUST-5625,67.0,Female,65677.7,North Zone,Home Electronics,5,340.7,0.05,2025-01-01 12:39,NetBanking
TXN-200280,CUST-5952,41.0,Female,92184.08,North Zone,Electronics,2,699.29,0.0,2025-01-01 12:40,Digital Wallet
TXN-200281,CUST-5081,76.0,Female,73506.0,North Zone,Apparel & Fashion,5,73.92,0.05,2025-01-01 12:41,NetBanking
TXN-200282,CUST-5699,60.0,Male,47993.15,East Zone,Electronics,7,272.79,0.05,2025-01-01 12:42,Digital Wallet
TXN-200283,CUST-5113,79.0,Male,57602.35,South Zone,Home Electronics,1,821.56,0.0,2025-01-01 12:43,Digital Wallet
TXN-200284,CUST-5002,51.0,Male,,North Zone,Home Electronics,2,134.8,0.0,2025-01-01 12:44,Credit Card
TXN-200285,CUST-5642,42.0,Female,45309.48,North Zone,Books & Media,3,632.63,0.0,2025-01-01 12:45,UPI Payment
TXN-200286,CUST-5220,67.0,Male,54951.57,West Zone,Apparel & Fashion,5,306.47,0.0,2025-01-01 12:46,NetBanking
TXN-200287,CUST-5566,46.0,Female,72106.06,West Zone,Books & Media,1,496.82,0.05,2025-01-01 12:47,Credit Card
TXN-200288,CUST-5855,74.0,Male,48118.32,North Zone,Apparel & Fashion,7,89.57,0.0,2025-01-01 12:48,Digital Wallet
TXN-200289,CUST-5997,56.0,Male,38944.12,West Zone,Home Electronics,4,264.26,0.25,2025-01-01 12:49,Credit Card
TXN-200290,CUST-5736,48.0,Female,27080.66,West Zone,Home Electronics,4,428.48,0.0,2025-01-01 12:50,NetBanking
TXN-200291,CUST-5225,73.0,Female,50966.28,West Zone,Beauty & Health,7,201.17,0.25,2025-01-01 12:51,UPI Payment
TXN-200292,CUST-5385,64.0,Male,98090.76,East Zone,Beauty & Health,5,463.11,0.0,2025-01-01 12:52,Credit Card
TXN-200293,CUST-5403,60.0,Male,67015.48,North Zone,Home Electronics,4,191.09,0.25,2025-01-01 12:53,NetBanking
TXN-200294,CUST-5638,67.0,Male,79382.22,North Zone,Home Electronics,3,554.51,0.0,2025-01-01 12:54,Digital Wallet
TXN-200295,CUST-5130,40.0,Female,45349.0,West Zone,Electronics,2,769.23,0.0,2025-01-01 12:55,Credit Card
TXN-200296,CUST-5053,61.0,Female,32891.18,East Zone,Electronics,1,77.7,0.25,2025-01-01 12:56,UPI Payment
TXN-200297,CUST-5684,55.0,Male,39410.07,West Zone,Books & Media,6,188.43,0.0,2025-01-01 12:57,NetBanking
TXN-200298,CUST-5730,37.0,Male,60203.07,East Zone,Beauty & Health,5,718.62,0.0,2025-01-01 12:58,UPI Payment
TXN-200299,CUST-5672,40.0,Male,25108.62,North Zone,Beauty & Health,4,538.85,0.1,2025-01-01 12:59,Digital Wallet
TXN-200300,CUST-5710,81.0,Female,43378.08,West Zone,Home Electronics,2,71.97,0.05,2025-01-01 13:00,UPI Payment
TXN-200301,CUST-5416,79.0,Other,51152.33,North Zone,Home Electronics,6,416.22,0.0,2025-01-01 13:01,Digital Wallet
TXN-200302,CUST-5247,62.0,Male,37562.88,East Zone,Books & Media,3,182.64,0.0,2025-01-01 13:02,Digital Wallet
TXN-200303,CUST-5836,69.0,Female,22711.86,South Zone,Beauty & Health,4,173.64,0.05,2025-01-01 13:03,Credit Card
TXN-200304,CUST-5439,33.0,Male,67358.59,East Zone,Electronics,4,799.87,0.0,2025-01-01 13:04,Digital Wallet
TXN-200305,CUST-5203,67.0,Male,62848.62,South Zone,Apparel & Fashion,1,648.62,0.25,2025-01-01 13:05,UPI Payment
TXN-200306,CUST-5184,59.0,Female,76412.05,North Zone,Books & Media,3,593.47,0.05,2025-01-01 13:06,Credit Card
TXN-200307,CUST-5123,77.0,Female,41457.12,North Zone,Apparel & Fashion,3,207.28,0.05,2025-01-01 13:07,Digital Wallet
TXN-200308,CUST-5401,72.0,Other,76058.57,West Zone,Electronics,5,105.64,0.0,2025-01-01 13:08,NetBanking
TXN-200309,CUST-5767,25.0,Female,90292.13,South Zone,Electronics,6,740.92,0.1,2025-01-01 13:09,NetBanking
TXN-200310,CUST-5294,67.0,Male,66850.97,East Zone,Apparel & Fashion,1,10.47,0.0,2025-01-01 13:10,Digital Wallet
TXN-200311,CUST-5280,38.0,Female,50716.18,North Zone,Books & Media,5,333.25,0.1,2025-01-01 13:11,Credit Card
TXN-200312,CUST-5837,18.0,Male,64683.99,South Zone,Apparel & Fashion,1,239.94,0.0,2025-01-01 13:12,Credit Card
TXN-200313,CUST-5884,72.0,Female,49830.93,East Zone,Books & Media,3,487.18,0.1,2025-01-01 13:13,Credit Card
TXN-200314,CUST-5610,25.0,Male,46750.75,South Zone,Books & Media,1,217.05,0.05,2025-01-01 13:14,UPI Payment
TXN-200315,CUST-5198,46.0,Female,74640.32,East Zone,Home Electronics,1,268.31,0.0,2025-01-01 13:15,NetBanking
TXN-200316,CUST-5982,49.0,Male,59427.57,East Zone,Beauty & Health,1,723.36,0.0,2025-01-01 13:16,Digital Wallet
TXN-200317,CUST-5907,55.0,Male,84294.27,East Zone,Beauty & Health,2,514.89,0.0,2025-01-01 13:17,Digital Wallet
TXN-200318,CUST-5511,22.0,Female,53815.17,East Zone,Electronics,2,128.53,0.0,2025-01-01 13:18,NetBanking
TXN-200319,CUST-5752,64.0,Male,55688.27,South Zone,Home Electronics,6,619.01,0.0,2025-01-01 13:19,UPI Payment
TXN-200320,CUST-5144,39.0,Female,51519.55,South Zone,Beauty & Health,6,180.7,0.0,2025-01-01 13:20,Credit Card
TXN-200321,CUST-5609,64.0,Male,41276.61,West Zone,Books & Media,7,371.17,0.05,2025-01-01 13:21,NetBanking
TXN-200322,CUST-5201,51.0,Male,77066.86,South Zone,Books & Media,3,551.56,0.05,2025-01-01 13:22,Digital Wallet
TXN-200323,CUST-5124,18.0,Male,102435.67,South Zone,Apparel & Fashion,1,235.14,0.0,2025-01-01 13:23,UPI Payment
TXN-200324,CUST-5187,72.0,Male,54928.8,West Zone,Apparel & Fashion,3,329.88,0.1,2025-01-01 13:24,Digital Wallet
TXN-200325,CUST-5326,72.0,Female,49410.83,South Zone,Books & Media,2,625.49,0.25,2025-01-01 13:25,Credit Card
TXN-200326,CUST-5464,43.0,Male,48211.52,East Zone,Books & Media,1,797.57,0.0,2025-01-01 13:26,NetBanking
TXN-200327,CUST-5349,60.0,Other,49424.94,North Zone,Apparel & Fashion,5,452.45,0.0,2025-01-01 13:27,Credit Card
TXN-200328,CUST-5771,27.0,Female,92521.0,North Zone,Beauty & Health,2,13.92,0.0,2025-01-01 13:28,UPI Payment
TXN-200329,CUST-5660,47.0,Male,48708.11,West Zone,Electronics,2,291.33,0.05,2025-01-01 13:29,NetBanking
TXN-200330,CUST-5764,67.0,Female,51172.56,South Zone,Apparel & Fashion,2,342.15,0.05,2025-01-01 13:30,Credit Card
TXN-200331,CUST-5955,35.0,Female,39053.45,South Zone,Beauty & Health,7,291.93,0.05,2025-01-01 13:31,Credit Card
TXN-200332,CUST-5932,34.0,Female,67432.5,West Zone,Beauty & Health,1,373.93,0.0,2025-01-01 13:32,Credit Card
TXN-200333,CUST-5403,43.0,Male,60756.25,North Zone,Beauty & Health,6,539.79,0.1,2025-01-01 13:33,UPI Payment
TXN-200334,CUST-5346,25.0,Male,40962.19,East Zone,Home Electronics,4,107.79,0.0,2025-01-01 13:34,Credit Card
TXN-200335,CUST-5963,64.0,Female,45482.65,South Zone,Home Electronics,5,235.74,0.0,2025-01-01 13:35,Digital Wallet
TXN-200336,CUST-5511,57.0,Female,90359.27,West Zone,Beauty & Health,5,434.21,0.0,2025-01-01 13:36,NetBanking
TXN-200337,CUST-5147,66.0,Female,62605.09,East Zone,Books & Media,3,272.0,0.0,2025-01-01 13:37,NetBanking
TXN-200338,CUST-5148,29.0,Male,63881.18,West Zone,Home Electronics,1,842.47,0.05,2025-01-01 13:38,Credit Card
TXN-200339,CUST-5864,44.0,Female,63954.6,West Zone,Apparel & Fashion,6,369.84,0.05,2025-01-01 13:39,UPI Payment
TXN-200340,CUST-5711,25.0,Female,87800.57,West Zone,Home Electronics,2,740.05,0.25,2025-01-01 13:40,Digital Wallet
TXN-200341,CUST-5820,42.0,Female,42663.53,North Zone,Books & Media,4,762.6,0.0,2025-01-01 13:41,Digital Wallet
TXN-200342,CUST-5489,63.0,Male,54666.68,North Zone,Electronics,1,711.51,0.25,2025-01-01 13:42,NetBanking
TXN-200343,CUST-5929,21.0,Female,58874.14,West Zone,Home Electronics,1,45.11,0.05,2025-01-01 13:43,NetBanking
TXN-200344,CUST-5936,50.0,Male,30158.25,South Zone,Beauty & Health,7,805.87,0.0,2025-01-01 13:44,Digital Wallet
TXN-200345,CUST-5640,18.0,Male,45051.38,East Zone,Beauty & Health,6,114.22,0.1,2025-01-01 13:45,NetBanking
TXN-200346,CUST-5551,36.0,Female,81363.48,South Zone,Beauty & Health,4,34.55,0.05,2025-01-01 13:46,Credit Card
TXN-200347,CUST-5338,48.0,Male,76063.95,North Zone,Electronics,2,355.44,0.0,2025-01-01 13:47,Digital Wallet
TXN-200348,CUST-5872,33.0,Male,79335.74,East Zone,Books & Media,1,169.87,0.1,2025-01-01 13:48,NetBanking
TXN-200349,CUST-5641,31.0,Male,51101.83,West Zone,Apparel & Fashion,5,161.05,0.05,2025-01-01 13:49,Credit Card
TXN-200350,CUST-5779,70.0,Female,53384.64,South Zone,Books & Media,5,248.56,0.05,2025-01-01 13:50,Credit Card
TXN-200351,CUST-5988,65.0,Female,28920.79,South Zone,Electronics,4,215.28,0.1,2025-01-01 13:51,Digital Wallet
TXN-200352,CUST-5953,22.0,Male,79240.79,West Zone,Beauty & Health,2,583.81,0.0,2025-01-01 13:52,Credit Card
TXN-200353,CUST-5473,58.0,Female,82288.07,South Zone,Books & Media,4,163.23,0.05,2025-01-01 13:53,Digital Wallet
TXN-200354,CUST-5946,43.0,Female,82052.54,North Zone,Apparel & Fashion,1,464.16,0.05,2025-01-01 13:54,Credit Card
TXN-200355,CUST-5151,79.0,Male,91675.69,West Zone,Beauty & Health,7,838.54,0.0,2025-01-01 13:55,Digital Wallet
TXN-200356,CUST-5415,45.0,Female,69809.01,South Zone,Apparel & Fashion,7,370.65,0.0,2025-01-01 13:56,Digital Wallet
TXN-200357,CUST-5990,19.0,Female,90802.31,West Zone,Home Electronics,5,4500.0,0.1,2025-01-01 13:57,Digital Wallet
TXN-200358,CUST-5298,67.0,Female,58291.22,East Zone,Apparel & Fashion,7,824.13,0.0,2025-01-01 13:58,Digital Wallet
TXN-200359,CUST-5611,81.0,Male,29310.31,West Zone,Beauty & Health,3,121.74,0.05,2025-01-01 13:59,Credit Card
TXN-200360,CUST-5263,23.0,Female,77923.41,South Zone,Home Electronics,4,359.01,0.25,2025-01-01 14:00,Digital Wallet
TXN-200361,CUST-5764,80.0,Female,28628.05,North Zone,Beauty & Health,7,723.49,0.0,2025-01-01 14:01,NetBanking
TXN-200362,CUST-5144,26.0,Male,65148.74,West Zone,Beauty & Health,3,792.83,0.0,2025-01-01 14:02,Credit Card
TXN-200363,CUST-5346,50.0,Male,79673.49,West Zone,Home Electronics,3,513.24,0.0,2025-01-01 14:03,Digital Wallet
TXN-200364,CUST-5624,58.0,Male,67998.79,South Zone,Apparel & Fashion,6,126.62,0.05,2025-01-01 14:04,Credit Card
TXN-200365,CUST-5572,42.0,Male,104147.5,North Zone,Electronics,5,766.79,0.25,2025-01-01 14:05,Credit Card
TXN-200366,CUST-5881,65.0,Female,25630.31,North Zone,Electronics,4,152.82,0.0,2025-01-01 14:06,Credit Card
TXN-200367,CUST-5002,30.0,Male,60467.08,East Zone,Electronics,3,303.51,0.0,2025-01-01 14:07,Credit Card
TXN-200368,CUST-5897,26.0,Male,62322.93,East Zone,Electronics,1,322.62,0.05,2025-01-01 14:08,Digital Wallet
TXN-200369,CUST-5304,70.0,Female,37134.1,South Zone,Books & Media,7,383.24,0.05,2025-01-01 14:09,Credit Card
TXN-200370,CUST-5254,30.0,Male,40655.94,North Zone,Electronics,6,672.8,0.0,2025-01-01 14:10,NetBanking
TXN-200371,CUST-5652,48.0,Other,46365.12,North Zone,Home Electronics,2,682.91,0.05,2025-01-01 14:11,Credit Card
TXN-200372,CUST-5453,58.0,Male,41656.53,East Zone,Electronics,7,613.25,0.0,2025-01-01 14:12,Credit Card
TXN-200373,CUST-5037,28.0,Male,60002.1,East Zone,Beauty & Health,7,24.19,0.1,2025-01-01 14:13,NetBanking
TXN-200374,CUST-5160,21.0,Male,50845.15,South Zone,Electronics,7,482.51,0.0,2025-01-01 14:14,Digital Wallet
TXN-200375,CUST-5009,51.0,Male,67881.31,North Zone,Apparel & Fashion,6,636.76,0.0,2025-01-01 14:15,NetBanking
TXN-200376,CUST-5233,78.0,Male,74014.46,West Zone,Home Electronics,2,380.99,0.1,2025-01-01 14:16,UPI Payment
TXN-200377,CUST-5099,55.0,Female,72762.91,East Zone,Home Electronics,5,803.5,0.0,2025-01-01 14:17,NetBanking
TXN-200378,CUST-5659,63.0,Other,54412.66,South Zone,Books & Media,4,701.21,0.0,2025-01-01 14:18,Digital Wallet
TXN-200379,CUST-5816,21.0,Male,67262.8,North Zone,Beauty & Health,4,544.42,0.25,2025-01-01 14:19,NetBanking
TXN-200380,CUST-5208,55.0,Female,81149.88,North Zone,Home Electronics,2,58.22,0.05,2025-01-01 14:20,Credit Card
TXN-200381,CUST-5131,36.0,Female,70242.94,East Zone,Apparel & Fashion,7,556.41,0.0,2025-01-01 14:21,Digital Wallet
TXN-200382,CUST-5404,23.0,Female,96391.09,South Zone,Electronics,1,775.33,0.05,2025-01-01 14:22,UPI Payment
TXN-200383,CUST-5152,51.0,Male,80170.31,West Zone,Home Electronics,2,325.94,0.1,2025-01-01 14:23,Digital Wallet
TXN-200384,CUST-5054,35.0,Male,93790.53,East Zone,Apparel & Fashion,2,713.3,0.05,2025-01-01 14:24,Credit Card
TXN-200385,CUST-5120,30.0,Male,15891.65,South Zone,Electronics,4,269.96,0.0,2025-01-01 14:25,UPI Payment
TXN-200386,CUST-5673,58.0,Female,63788.51,North Zone,Books & Media,3,486.95,0.05,2025-01-01 14:26,Digital Wallet
TXN-200387,CUST-5920,40.0,Female,56007.25,West Zone,Home Electronics,1,553.09,0.05,2025-01-01 14:27,Digital Wallet
TXN-200388,CUST-5628,36.0,Male,59687.87,South Zone,Home Electronics,4,578.07,0.1,2025-01-01 14:28,Credit Card
TXN-200389,CUST-5587,62.0,Male,47108.25,West Zone,Apparel & Fashion,6,750.81,0.0,2025-01-01 14:29,NetBanking
TXN-200390,CUST-5625,28.0,Female,69329.69,South Zone,Beauty & Health,2,203.64,0.05,2025-01-01 14:30,NetBanking
TXN-200391,CUST-5968,18.0,Female,28545.41,South Zone,Books & Media,3,227.07,0.0,2025-01-01 14:31,UPI Payment
TXN-200392,CUST-5420,41.0,Other,69463.58,South Zone,Beauty & Health,1,4500.0,0.05,2025-01-01 14:32,Credit Card
TXN-200393,CUST-5422,79.0,Female,47723.34,South Zone,Home Electronics,5,155.14,0.25,2025-01-01 14:33,Credit Card
TXN-200394,CUST-5104,71.0,Male,52742.86,West Zone,Beauty & Health,1,397.58,0.0,2025-01-01 14:34,NetBanking
TXN-200395,CUST-5852,24.0,Female,70112.28,East Zone,Electronics,1,22.42,0.0,2025-01-01 14:35,NetBanking
TXN-200396,CUST-5254,42.0,Female,63457.39,West Zone,Books & Media,7,124.56,0.05,2025-01-01 14:36,UPI Payment
TXN-200397,CUST-5227,38.0,Male,81497.54,South Zone,Beauty & Health,2,578.79,0.05,2025-01-01 14:37,NetBanking
TXN-200398,CUST-5112,32.0,Female,44064.19,West Zone,Electronics,2,4500.0,0.0,2025-01-01 14:38,UPI Payment
TXN-200399,CUST-5510,18.0,Female,60506.95,West Zone,Apparel & Fashion,5,102.89,0.05,2025-01-01 14:39,Digital Wallet
TXN-200400,CUST-5473,29.0,Male,78442.3,West Zone,Beauty & Health,5,197.8,0.1,2025-01-01 14:40,UPI Payment
TXN-200401,CUST-5099,75.0,Female,68682.2,South Zone,Books & Media,5,89.02,0.05,2025-01-01 14:41,UPI Payment
TXN-200402,CUST-5153,24.0,Female,69873.49,West Zone,Electronics,4,371.52,0.05,2025-01-01 14:42,UPI Payment
TXN-200403,CUST-5861,32.0,Other,82498.79,North Zone,Beauty & Health,4,112.01,0.0,2025-01-01 14:43,Digital Wallet
TXN-200404,CUST-5914,38.0,Male,54484.51,South Zone,Apparel & Fashion,2,374.8,0.25,2025-01-01 14:44,NetBanking
TXN-200405,CUST-5896,36.0,Male,50588.63,West Zone,Beauty & Health,2,623.76,0.0,2025-01-01 14:45,UPI Payment
TXN-200406,CUST-5878,77.0,Female,72654.23,North Zone,Electronics,5,582.62,0.0,2025-01-01 14:46,NetBanking
TXN-200407,CUST-5338,46.0,Male,59235.52,West Zone,Beauty & Health,4,242.35,0.0,2025-01-01 14:47,UPI Payment
TXN-200408,CUST-5706,42.0,Female,82760.77,East Zone,Books & Media,3,574.49,0.05,2025-01-01 14:48,NetBanking
TXN-200409,CUST-5822,50.0,Female,68840.81,West Zone,Home Electronics,4,788.95,0.1,2025-01-01 14:49,UPI Payment
TXN-200410,CUST-5163,66.0,Male,50468.01,West Zone,Electronics,2,298.98,0.0,2025-01-01 14:50,NetBanking
TXN-200411,CUST-5720,49.0,Female,68260.1,East Zone,Electronics,4,283.44,0.1,2025-01-01 14:51,Credit Card
TXN-200412,CUST-5957,66.0,Female,45300.06,South Zone,Electronics,2,488.08,0.1,2025-01-01 14:52,Digital Wallet
TXN-200413,CUST-5681,52.0,Male,79518.18,East Zone,Electronics,5,212.83,0.05,2025-01-01 14:53,UPI Payment
TXN-200414,CUST-5996,61.0,Female,36152.68,South Zone,Beauty & Health,7,555.76,0.1,2025-01-01 14:54,Digital Wallet
TXN-200415,CUST-5161,55.0,Female,84608.21,East Zone,Books & Media,5,708.35,0.0,2025-01-01 14:55,UPI Payment
TXN-200416,CUST-5580,43.0,Female,67936.22,West Zone,Apparel & Fashion,5,393.39,0.0,2025-01-01 14:56,Credit Card
TXN-200417,CUST-5801,28.0,Female,58955.62,West Zone,Books & Media,3,579.34,0.1,2025-01-01 14:57,Credit Card
TXN-200418,CUST-5398,52.0,Female,76121.68,South Zone,Electronics,7,556.02,0.0,2025-01-01 14:58,Digital Wallet
TXN-200419,CUST-5277,25.0,Female,71459.54,South Zone,Beauty & Health,3,38.15,0.0,2025-01-01 14:59,UPI Payment
TXN-200420,CUST-5816,63.0,Female,86612.06,North Zone,Beauty & Health,2,160.4,0.05,2025-01-01 15:00,NetBanking
TXN-200421,CUST-5916,31.0,Female,86439.64,North Zone,Electronics,1,760.09,0.1,2025-01-01 15:01,UPI Payment
TXN-200422,CUST-5504,27.0,Female,68517.37,West Zone,Beauty & Health,6,798.39,0.05,2025-01-01 15:02,NetBanking
TXN-200423,CUST-5896,19.0,Male,45872.24,West Zone,Electronics,3,664.58,0.0,2025-01-01 15:03,Digital Wallet
TXN-200424,CUST-5392,63.0,Female,51982.08,North Zone,Books & Media,2,783.49,0.0,2025-01-01 15:04,Digital Wallet
TXN-200425,CUST-5135,26.0,Male,60674.53,North Zone,Home Electronics,7,264.04,0.1,2025-01-01 15:05,Credit Card
TXN-200426,CUST-5195,20.0,Male,82011.85,South Zone,Beauty & Health,4,214.69,0.0,2025-01-01 15:06,NetBanking
TXN-200427,CUST-5401,38.0,Male,53556.85,East Zone,Electronics,7,330.04,0.0,2025-01-01 15:07,UPI Payment
TXN-200428,CUST-5640,43.0,Other,55100.6,South Zone,Electronics,5,52.24,0.0,2025-01-01 15:08,Credit Card
TXN-200429,CUST-5033,25.0,Female,96194.49,North Zone,Beauty & Health,5,689.44,0.05,2025-01-01 15:09,Digital Wallet
TXN-200430,CUST-5688,65.0,Female,60070.48,West Zone,Apparel & Fashion,5,836.64,0.0,2025-01-01 15:10,Credit Card
TXN-200431,CUST-5460,19.0,Female,50257.46,North Zone,Electronics,2,701.39,0.0,2025-01-01 15:11,UPI Payment
TXN-200432,CUST-5955,23.0,Female,76367.95,West Zone,Beauty & Health,5,474.18,0.0,2025-01-01 15:12,UPI Payment
TXN-200433,CUST-5883,45.0,Female,60961.52,West Zone,Electronics,3,254.87,0.0,2025-01-01 15:13,Digital Wallet
TXN-200434,CUST-5470,70.0,Female,36292.42,West Zone,Apparel & Fashion,4,172.46,0.0,2025-01-01 15:14,Credit Card
TXN-200435,CUST-5375,46.0,Male,81256.91,West Zone,Home Electronics,5,312.95,0.0,2025-01-01 15:15,NetBanking
TXN-200436,CUST-5022,43.0,Male,48179.77,East Zone,Apparel & Fashion,2,568.76,0.05,2025-01-01 15:16,NetBanking
TXN-200437,CUST-5750,42.0,Female,62806.33,North Zone,Books & Media,4,383.04,0.0,2025-01-01 15:17,NetBanking
TXN-200438,CUST-5670,29.0,Female,60739.43,South Zone,Beauty & Health,5,794.31,0.0,2025-01-01 15:18,UPI Payment
TXN-200439,CUST-5038,22.0,Male,66256.87,West Zone,Apparel & Fashion,1,726.89,0.0,2025-01-01 15:19,Credit Card
TXN-200440,CUST-5230,51.0,Male,21465.13,West Zone,Home Electronics,5,91.98,0.0,2025-01-01 15:20,NetBanking
TXN-200441,CUST-5365,65.0,Female,295000.0,South Zone,Electronics,6,116.57,0.0,2025-01-01 15:21,Credit Card
TXN-200442,CUST-5563,54.0,Male,82809.49,South Zone,Beauty & Health,7,576.58,0.0,2025-01-01 15:22,Digital Wallet
TXN-200443,CUST-5438,32.0,Female,85410.74,West Zone,Apparel & Fashion,3,200.38,0.0,2025-01-01 15:23,NetBanking
TXN-200444,CUST-5776,61.0,Other,43661.13,South Zone,Home Electronics,4,673.52,0.25,2025-01-01 15:24,Credit Card
TXN-200445,CUST-5283,53.0,Male,79031.07,South Zone,Apparel & Fashion,3,504.9,0.0,2025-01-01 15:25,UPI Payment
TXN-200446,CUST-5027,32.0,Male,47913.55,East Zone,Books & Media,1,199.59,0.25,2025-01-01 15:26,Digital Wallet
TXN-200447,CUST-5226,60.0,Female,55071.15,South Zone,Beauty & Health,1,409.75,0.0,2025-01-01 15:27,Digital Wallet
TXN-200448,CUST-5277,65.0,Female,56043.29,North Zone,Electronics,6,348.43,0.0,2025-01-01 15:28,Digital Wallet
TXN-200449,CUST-5798,40.0,Female,64012.87,North Zone,Home Electronics,3,742.88,0.1,2025-01-01 15:29,Digital Wallet
TXN-200450,CUST-5609,23.0,Other,80525.28,North Zone,Apparel & Fashion,4,32.66,0.0,2025-01-01 15:30,UPI Payment
TXN-200451,CUST-5284,63.0,Male,66894.81,West Zone,Beauty & Health,1,762.04,0.0,2025-01-01 15:31,UPI Payment
TXN-200452,CUST-5879,67.0,Female,59666.56,North Zone,Apparel & Fashion,1,556.18,0.25,2025-01-01 15:32,NetBanking
TXN-200453,CUST-5960,61.0,Female,79895.26,East Zone,Beauty & Health,5,628.35,0.0,2025-01-01 15:33,UPI Payment
TXN-200454,CUST-5481,76.0,Female,47150.76,North Zone,Books & Media,6,7.7,0.0,2025-01-01 15:34,UPI Payment
TXN-200455,CUST-5453,60.0,Male,60571.48,West Zone,Apparel & Fashion,7,536.05,0.0,2025-01-01 15:35,Digital Wallet
TXN-200456,CUST-5829,62.0,Female,80421.95,East Zone,Books & Media,2,502.48,0.25,2025-01-01 15:36,UPI Payment
TXN-200457,CUST-5816,38.0,Female,71792.16,North Zone,Home Electronics,7,459.17,0.1,2025-01-01 15:37,Digital Wallet
TXN-200458,CUST-5659,40.0,Male,53373.38,East Zone,Books & Media,7,669.16,0.0,2025-01-01 15:38,Credit Card
TXN-200459,CUST-5516,60.0,Male,34010.3,East Zone,Beauty & Health,1,474.93,0.0,2025-01-01 15:39,Credit Card
TXN-200460,CUST-5547,72.0,Female,67750.88,West Zone,Home Electronics,4,729.32,0.1,2025-01-01 15:40,Credit Card
TXN-200461,CUST-5192,33.0,Male,32794.51,West Zone,Apparel & Fashion,4,201.96,0.0,2025-01-01 15:41,Credit Card
TXN-200462,CUST-5049,64.0,Male,58068.72,East Zone,Apparel & Fashion,5,686.15,0.0,2025-01-01 15:42,Credit Card
TXN-200463,CUST-5512,70.0,Male,83810.55,North Zone,Beauty & Health,4,156.93,0.05,2025-01-01 15:43,Credit Card
TXN-200464,CUST-5017,77.0,Female,73040.03,West Zone,Electronics,5,692.18,0.0,2025-01-01 15:44,Credit Card
TXN-200465,CUST-5172,,Female,24562.4,East Zone,Electronics,1,799.72,0.05,2025-01-01 15:45,Digital Wallet
TXN-200466,CUST-5220,42.0,Female,65708.35,South Zone,Apparel & Fashion,1,288.99,0.1,2025-01-01 15:46,Digital Wallet
TXN-200467,CUST-5158,53.0,Male,56095.36,South Zone,Beauty & Health,7,452.99,0.1,2025-01-01 15:47,Digital Wallet
TXN-200468,CUST-5477,28.0,Female,38436.23,West Zone,Electronics,1,561.46,0.0,2025-01-01 15:48,Digital Wallet
TXN-200469,CUST-5046,68.0,Female,68197.89,North Zone,Books & Media,1,72.61,0.0,2025-01-01 15:49,UPI Payment
TXN-200470,CUST-5373,32.0,Female,52902.85,South Zone,Apparel & Fashion,2,422.75,0.0,2025-01-01 15:50,UPI Payment
TXN-200471,CUST-5518,21.0,Female,53017.62,South Zone,Books & Media,6,310.01,0.0,2025-01-01 15:51,NetBanking
TXN-200472,CUST-5099,38.0,Male,64294.83,South Zone,Beauty & Health,7,742.29,0.0,2025-01-01 15:52,UPI Payment
TXN-200473,CUST-5892,30.0,Female,50421.14,North Zone,Books & Media,7,745.86,0.0,2025-01-01 15:53,Digital Wallet
TXN-200474,CUST-5745,39.0,Male,63771.11,North Zone,Electronics,6,597.31,0.0,2025-01-01 15:54,Digital Wallet
TXN-200475,CUST-5037,36.0,Female,51023.49,West Zone,Electronics,2,559.26,0.0,2025-01-01 15:55,Credit Card
TXN-200476,CUST-5280,51.0,Male,52038.46,West Zone,Home Electronics,1,625.1,0.0,2025-01-01 15:56,Credit Card
TXN-200477,CUST-5349,31.0,Male,80369.2,South Zone,Apparel & Fashion,4,314.58,0.05,2025-01-01 15:57,NetBanking
TXN-200478,CUST-5497,78.0,Male,82251.43,North Zone,Beauty & Health,5,347.12,0.05,2025-01-01 15:58,UPI Payment
TXN-200479,CUST-5302,21.0,Female,30389.9,East Zone,Apparel & Fashion,7,473.1,0.0,2025-01-01 15:59,Digital Wallet
TXN-200480,CUST-5181,65.0,Male,75820.85,South Zone,Books & Media,6,797.66,0.05,2025-01-01 16:00,UPI Payment
TXN-200481,CUST-5607,70.0,Female,87873.93,West Zone,Beauty & Health,3,616.92,0.05,2025-01-01 16:01,NetBanking
TXN-200482,CUST-5099,69.0,Male,90811.47,North Zone,Beauty & Health,5,470.81,0.0,2025-01-01 16:02,Credit Card
TXN-200483,CUST-5700,63.0,Male,71627.02,West Zone,Electronics,3,656.11,0.0,2025-01-01 16:03,Digital Wallet
TXN-200484,CUST-5993,44.0,Female,42438.14,West Zone,Books & Media,3,318.72,0.0,2025-01-01 16:04,Credit Card
TXN-200485,CUST-5116,46.0,Male,73654.65,North Zone,Electronics,7,622.38,0.0,2025-01-01 16:05,Digital Wallet
TXN-200486,CUST-5191,64.0,Male,45918.83,South Zone,Electronics,1,352.32,0.0,2025-01-01 16:06,Credit Card
TXN-200487,CUST-5253,45.0,Female,55655.14,North Zone,Home Electronics,3,241.67,0.25,2025-01-01 16:07,Credit Card
TXN-200488,CUST-5981,52.0,Male,69087.02,South Zone,Electronics,1,520.41,0.0,2025-01-01 16:08,NetBanking
TXN-200489,CUST-5928,25.0,Male,47111.95,West Zone,Apparel & Fashion,2,585.57,0.05,2025-01-01 16:09,UPI Payment
TXN-200490,CUST-5983,33.0,Male,40791.59,North Zone,Beauty & Health,4,393.37,0.0,2025-01-01 16:10,Credit Card
TXN-200491,CUST-5161,59.0,Female,70616.81,East Zone,Electronics,3,483.07,0.0,2025-01-01 16:11,Digital Wallet
TXN-200492,CUST-5256,53.0,Female,96543.65,South Zone,Apparel & Fashion,7,591.64,0.0,2025-01-01 16:12,UPI Payment
TXN-200493,CUST-5323,47.0,Female,84999.84,East Zone,Books & Media,4,653.83,0.05,2025-01-01 16:13,UPI Payment
TXN-200494,CUST-5128,35.0,Female,75082.94,South Zone,Beauty & Health,1,761.81,0.0,2025-01-01 16:14,Credit Card
TXN-200495,CUST-5018,19.0,Male,80114.93,North Zone,Books & Media,3,304.91,0.0,2025-01-01 16:15,Credit Card
TXN-200496,CUST-5793,66.0,Male,73797.81,East Zone,Apparel & Fashion,5,809.02,0.25,2025-01-01 16:16,Credit Card
TXN-200497,CUST-5735,30.0,Female,70323.15,North Zone,Books & Media,7,543.68,0.0,2025-01-01 16:17,UPI Payment
TXN-200498,CUST-5566,21.0,Male,78624.43,South Zone,Books & Media,2,670.71,0.0,2025-01-01 16:18,NetBanking
TXN-200499,CUST-5570,43.0,Male,36685.28,South Zone,Books & Media,6,596.45,0.0,2025-01-01 16:19,Credit Card
TXN-200500,CUST-5323,42.0,Male,65690.48,South Zone,Electronics,2,179.11,0.05,2025-01-01 16:20,UPI Payment
TXN-200501,CUST-5872,47.0,Male,60502.46,South Zone,Electronics,3,65.83,0.0,2025-01-01 16:21,UPI Payment
TXN-200502,CUST-5686,28.0,Other,63459.7,West Zone,Electronics,7,618.85,0.0,2025-01-01 16:22,Digital Wallet
TXN-200503,CUST-5792,24.0,Male,53464.61,South Zone,Beauty & Health,2,437.08,0.0,2025-01-01 16:23,Credit Card
TXN-200504,CUST-5626,48.0,Female,71629.03,East Zone,Apparel & Fashion,6,598.52,0.0,2025-01-01 16:24,NetBanking
TXN-200505,CUST-5288,61.0,Male,46868.33,South Zone,Electronics,5,408.19,0.05,2025-01-01 16:25,Digital Wallet
TXN-200506,CUST-5943,27.0,Other,52123.68,North Zone,Books & Media,4,269.18,0.05,2025-01-01 16:26,Credit Card
TXN-200507,CUST-5854,56.0,Male,49903.22,West Zone,Books & Media,5,246.2,0.0,2025-01-01 16:27,Digital Wallet
TXN-200508,CUST-5663,30.0,Male,77983.01,East Zone,Books & Media,2,622.43,0.0,2025-01-01 16:28,Credit Card
TXN-200509,CUST-5962,48.0,Female,61783.12,West Zone,Books & Media,6,239.24,0.0,2025-01-01 16:29,Digital Wallet
TXN-200510,CUST-5639,24.0,Female,53474.6,West Zone,Home Electronics,4,609.04,0.05,2025-01-01 16:30,NetBanking
TXN-200511,CUST-5155,80.0,Male,55091.55,West Zone,Beauty & Health,7,329.75,0.0,2025-01-01 16:31,Digital Wallet
TXN-200512,CUST-5490,73.0,Male,62071.79,North Zone,Apparel & Fashion,6,656.52,0.0,2025-01-01 16:32,Digital Wallet
TXN-200513,CUST-5386,66.0,Male,92010.24,West Zone,Apparel & Fashion,5,126.1,0.25,2025-01-01 16:33,Digital Wallet
TXN-200514,CUST-5986,59.0,Male,39124.37,West Zone,Electronics,1,178.61,0.0,2025-01-01 16:34,Credit Card
TXN-200515,CUST-5785,78.0,Male,74496.93,South Zone,Home Electronics,1,584.75,0.25,2025-01-01 16:35,Credit Card
TXN-200516,CUST-5104,59.0,Female,70729.45,North Zone,Apparel & Fashion,4,478.62,0.0,2025-01-01 16:36,NetBanking
TXN-200517,CUST-5929,73.0,Male,45665.14,East Zone,Beauty & Health,4,177.68,0.0,2025-01-01 16:37,Digital Wallet
TXN-200518,CUST-5393,53.0,Male,89137.16,East Zone,Books & Media,4,767.94,0.0,2025-01-01 16:38,UPI Payment
TXN-200519,CUST-5811,37.0,Female,71976.69,East Zone,Electronics,1,238.53,0.0,2025-01-01 16:39,Digital Wallet
TXN-200520,CUST-5246,21.0,Other,52606.93,North Zone,Beauty & Health,5,4500.0,0.0,2025-01-01 16:40,UPI Payment
TXN-200521,CUST-5176,71.0,Female,27600.85,East Zone,Apparel & Fashion,4,176.33,0.0,2025-01-01 16:41,UPI Payment
TXN-200522,CUST-5039,24.0,Male,66239.22,North Zone,Home Electronics,1,333.19,0.25,2025-01-01 16:42,Digital Wallet
TXN-200523,CUST-5477,71.0,Male,61172.21,South Zone,Electronics,4,420.7,0.0,2025-01-01 16:43,UPI Payment
TXN-200524,CUST-5682,18.0,Other,42931.81,South Zone,Apparel & Fashion,4,254.84,0.05,2025-01-01 16:44,UPI Payment
TXN-200525,CUST-5759,61.0,Male,42693.13,North Zone,Electronics,6,655.0,0.05,2025-01-01 16:45,Digital Wallet
TXN-200526,CUST-5538,73.0,Male,78067.43,East Zone,Apparel & Fashion,4,338.18,0.05,2025-01-01 16:46,Credit Card
TXN-200527,CUST-5867,62.0,Female,25819.64,North Zone,Books & Media,1,621.57,0.05,2025-01-01 16:47,Digital Wallet
TXN-200528,CUST-5818,59.0,Female,67814.23,North Zone,Home Electronics,5,180.37,0.0,2025-01-01 16:48,NetBanking
TXN-200529,CUST-5921,64.0,Female,58532.42,West Zone,Books & Media,1,323.91,0.0,2025-01-01 16:49,UPI Payment
TXN-200530,CUST-5408,76.0,Male,71197.36,North Zone,Apparel & Fashion,1,12.31,0.0,2025-01-01 16:50,NetBanking
TXN-200531,CUST-5525,30.0,Male,56555.36,West Zone,Beauty & Health,4,646.17,0.0,2025-01-01 16:51,UPI Payment
TXN-200532,CUST-5828,72.0,Other,67425.59,South Zone,Books & Media,6,534.06,0.0,2025-01-01 16:52,Credit Card
TXN-200533,CUST-5506,39.0,Male,48258.67,West Zone,Beauty & Health,3,696.15,0.0,2025-01-01 16:53,UPI Payment
TXN-200534,CUST-5903,71.0,Female,61089.71,North Zone,Apparel & Fashion,7,390.26,0.25,2025-01-01 16:54,Digital Wallet
TXN-200535,CUST-5825,38.0,Female,71048.05,South Zone,Home Electronics,3,680.88,0.25,2025-01-01 16:55,UPI Payment
TXN-200536,CUST-5036,39.0,Female,64791.13,West Zone,Beauty & Health,3,552.38,0.0,2025-01-01 16:56,NetBanking
TXN-200537,CUST-5685,45.0,Male,69035.68,North Zone,Apparel & Fashion,1,8.55,0.0,2025-01-01 16:57,Digital Wallet
TXN-200538,CUST-5020,26.0,Male,44833.46,South Zone,Beauty & Health,4,219.74,0.0,2025-01-01 16:58,NetBanking
TXN-200539,CUST-5321,43.0,Female,51072.52,West Zone,Books & Media,7,422.59,0.0,2025-01-01 16:59,Credit Card
TXN-200540,CUST-5776,26.0,Female,51393.21,North Zone,Apparel & Fashion,3,527.98,0.0,2025-01-01 17:00,NetBanking
TXN-200541,CUST-5512,32.0,Female,56884.94,North Zone,Books & Media,2,60.89,0.25,2025-01-01 17:01,NetBanking
TXN-200542,CUST-5400,27.0,Male,87133.78,East Zone,Electronics,2,600.94,0.0,2025-01-01 17:02,NetBanking
TXN-200543,CUST-5654,41.0,Male,55447.69,East Zone,Apparel & Fashion,2,464.52,0.0,2025-01-01 17:03,Digital Wallet
TXN-200544,CUST-5972,75.0,Female,40844.15,West Zone,Beauty & Health,5,449.52,0.0,2025-01-01 17:04,Credit Card
TXN-200545,CUST-5883,74.0,Female,72020.45,West Zone,Electronics,4,252.13,0.25,2025-01-01 17:05,Credit Card
TXN-200546,CUST-5471,78.0,Female,86912.9,West Zone,Books & Media,1,507.83,0.25,2025-01-01 17:06,Credit Card
TXN-200547,CUST-5143,59.0,Male,38667.58,North Zone,Books & Media,1,28.72,0.05,2025-01-01 17:07,NetBanking
TXN-200548,CUST-5092,25.0,Female,98497.0,West Zone,Beauty & Health,4,60.14,0.0,2025-01-01 17:08,Digital Wallet
TXN-200549,CUST-5354,41.0,Female,69680.77,North Zone,Electronics,6,625.25,0.0,2025-01-01 17:09,Digital Wallet
TXN-200550,CUST-5834,33.0,Female,81126.98,West Zone,Home Electronics,7,277.34,0.0,2025-01-01 17:10,Digital Wallet
TXN-200551,CUST-5800,66.0,Male,89140.83,North Zone,Beauty & Health,6,298.51,0.0,2025-01-01 17:11,NetBanking
TXN-200552,CUST-5727,43.0,Male,79993.43,North Zone,Books & Media,5,181.48,0.1,2025-01-01 17:12,Credit Card
TXN-200553,CUST-5959,44.0,Female,59955.09,East Zone,Apparel & Fashion,4,381.83,0.0,2025-01-01 17:13,NetBanking
TXN-200554,CUST-5854,54.0,Male,84527.42,South Zone,Electronics,6,49.41,0.0,2025-01-01 17:14,Digital Wallet
TXN-200555,CUST-5051,21.0,Male,66710.1,North Zone,Home Electronics,7,259.16,0.05,2025-01-01 17:15,NetBanking
TXN-200556,CUST-5665,67.0,Other,82173.97,West Zone,Apparel & Fashion,5,450.66,0.0,2025-01-01 17:16,UPI Payment
TXN-200557,CUST-5698,41.0,Male,84197.7,East Zone,Electronics,3,398.73,0.05,2025-01-01 17:17,Credit Card
TXN-200558,CUST-5575,36.0,Female,41818.41,West Zone,Beauty & Health,3,849.72,0.0,2025-01-01 17:18,Credit Card
TXN-200559,CUST-5190,53.0,Male,76694.57,West Zone,Beauty & Health,5,333.81,0.0,2025-01-01 17:19,Digital Wallet
TXN-200560,CUST-5125,77.0,Female,58635.0,North Zone,Electronics,4,332.32,0.0,2025-01-01 17:20,NetBanking
TXN-200561,CUST-5150,56.0,Other,64556.53,North Zone,Home Electronics,3,430.77,0.25,2025-01-01 17:21,Digital Wallet
TXN-200562,CUST-5314,27.0,Male,64351.22,South Zone,Electronics,4,166.21,0.0,2025-01-01 17:22,NetBanking
TXN-200563,CUST-5570,42.0,Male,63608.95,North Zone,Apparel & Fashion,6,745.54,0.0,2025-01-01 17:23,UPI Payment
TXN-200564,CUST-5342,35.0,Male,90185.22,North Zone,Apparel & Fashion,3,488.78,0.0,2025-01-01 17:24,Credit Card
TXN-200565,CUST-5305,36.0,Male,36720.72,South Zone,Beauty & Health,7,167.73,0.05,2025-01-01 17:25,Credit Card
TXN-200566,CUST-5692,53.0,Female,30136.65,West Zone,Electronics,7,675.56,0.1,2025-01-01 17:26,NetBanking
TXN-200567,CUST-5682,27.0,Female,26234.13,South Zone,Beauty & Health,6,34.49,0.0,2025-01-01 17:27,Credit Card
TXN-200568,CUST-5838,50.0,Male,81779.17,South Zone,Home Electronics,7,835.28,0.0,2025-01-01 17:28,NetBanking
TXN-200569,CUST-5783,72.0,Male,47691.41,South Zone,Apparel & Fashion,4,4500.0,0.25,2025-01-01 17:29,Digital Wallet
TXN-200570,CUST-5054,67.0,Male,64445.45,East Zone,Books & Media,4,495.01,0.05,2025-01-01 17:30,UPI Payment
TXN-200571,CUST-5444,22.0,Female,59877.73,West Zone,Books & Media,7,99.49,0.05,2025-01-01 17:31,NetBanking
TXN-200572,CUST-5613,64.0,Male,45602.06,East Zone,Electronics,2,187.3,0.0,2025-01-01 17:32,UPI Payment
TXN-200573,CUST-5993,66.0,Female,77752.33,East Zone,Electronics,5,241.48,0.0,2025-01-01 17:33,Digital Wallet
TXN-200574,CUST-5264,52.0,Female,59641.94,North Zone,Books & Media,1,209.05,0.05,2025-01-01 17:34,Digital Wallet
TXN-200575,CUST-5053,61.0,Female,57601.9,South Zone,Electronics,5,425.66,0.0,2025-01-01 17:35,Digital Wallet
TXN-200576,CUST-5572,51.0,Male,66308.12,South Zone,Apparel & Fashion,7,803.18,0.0,2025-01-01 17:36,NetBanking
TXN-200577,CUST-5620,50.0,Female,75334.28,East Zone,Home Electronics,4,380.6,0.0,2025-01-01 17:37,UPI Payment
TXN-200578,CUST-5005,72.0,Male,44258.94,North Zone,Home Electronics,4,564.19,0.0,2025-01-01 17:38,UPI Payment
TXN-200579,CUST-5103,38.0,Male,78148.99,North Zone,Beauty & Health,5,587.01,0.1,2025-01-01 17:39,Credit Card
TXN-200580,CUST-5196,34.0,Female,88822.29,North Zone,Apparel & Fashion,4,741.55,0.25,2025-01-01 17:40,NetBanking
TXN-200581,CUST-5774,39.0,Female,35616.74,West Zone,Electronics,6,34.06,0.0,2025-01-01 17:41,Credit Card
TXN-200582,CUST-5877,65.0,Male,67148.53,East Zone,Electronics,3,346.96,0.05,2025-01-01 17:42,Credit Card
TXN-200583,CUST-5992,54.0,Male,56358.94,West Zone,Beauty & Health,4,668.21,0.05,2025-01-01 17:43,NetBanking
TXN-200584,CUST-5884,32.0,Male,74935.77,North Zone,Beauty & Health,7,693.66,0.1,2025-01-01 17:44,Credit Card
TXN-200585,CUST-5350,52.0,Male,39491.8,North Zone,Electronics,7,788.63,0.1,2025-01-01 17:45,Credit Card
TXN-200586,CUST-5047,45.0,Male,92135.36,North Zone,Electronics,5,599.01,0.25,2025-01-01 17:46,Credit Card
TXN-200587,CUST-5867,24.0,Male,32253.95,South Zone,Apparel & Fashion,5,212.53,0.25,2025-01-01 17:47,Digital Wallet
TXN-200588,CUST-5823,49.0,Male,57480.8,East Zone,Beauty & Health,5,432.53,0.0,2025-01-01 17:48,NetBanking
TXN-200589,CUST-5936,28.0,Female,70034.48,South Zone,Apparel & Fashion,7,32.82,0.05,2025-01-01 17:49,Digital Wallet
TXN-200590,CUST-5820,27.0,Female,49302.77,West Zone,Electronics,2,551.83,0.0,2025-01-01 17:50,Credit Card
TXN-200591,CUST-5656,26.0,Female,46397.07,South Zone,Books & Media,7,473.6,0.0,2025-01-01 17:51,Credit Card
TXN-200592,CUST-5269,31.0,Male,66111.36,East Zone,Books & Media,6,568.64,0.0,2025-01-01 17:52,Digital Wallet
TXN-200593,CUST-5370,30.0,Other,63438.56,South Zone,Electronics,7,791.0,0.0,2025-01-01 17:53,Credit Card
TXN-200594,CUST-5636,78.0,Female,62109.86,North Zone,Beauty & Health,6,585.91,0.1,2025-01-01 17:54,NetBanking
TXN-200595,CUST-5106,74.0,Female,77885.74,West Zone,Books & Media,7,276.12,0.0,2025-01-01 17:55,UPI Payment
TXN-200596,CUST-5670,79.0,Female,54702.26,West Zone,Beauty & Health,7,173.33,0.1,2025-01-01 17:56,Digital Wallet
TXN-200597,CUST-5659,42.0,Female,67912.46,North Zone,Books & Media,2,727.24,0.05,2025-01-01 17:57,UPI Payment
TXN-200598,CUST-5657,19.0,Female,52627.85,North Zone,Beauty & Health,6,169.61,0.05,2025-01-01 17:58,UPI Payment
TXN-200599,CUST-5120,81.0,Male,46287.4,North Zone,Books & Media,2,141.98,0.0,2025-01-01 17:59,UPI Payment
TXN-200600,CUST-5831,52.0,Female,56731.97,East Zone,Beauty & Health,6,179.98,0.0,2025-01-01 18:00,Digital Wallet
TXN-200601,CUST-5787,24.0,Female,52772.84,South Zone,Apparel & Fashion,2,435.22,0.0,2025-01-01 18:01,Credit Card
TXN-200602,CUST-5604,38.0,Female,53697.13,West Zone,Beauty & Health,2,110.38,0.0,2025-01-01 18:02,NetBanking
TXN-200603,CUST-5058,35.0,Female,83558.56,South Zone,Apparel & Fashion,6,797.74,0.1,2025-01-01 18:03,Credit Card
TXN-200604,CUST-5951,20.0,Male,57299.09,North Zone,Apparel & Fashion,2,821.5,0.05,2025-01-01 18:04,NetBanking
TXN-200605,CUST-5346,59.0,Male,49736.23,North Zone,Electronics,7,827.88,0.0,2025-01-01 18:05,Credit Card
TXN-200606,CUST-5741,71.0,Female,62519.46,South Zone,Apparel & Fashion,6,38.54,0.1,2025-01-01 18:06,UPI Payment
TXN-200607,CUST-5474,78.0,Female,63928.22,West Zone,Home Electronics,2,804.56,0.0,2025-01-01 18:07,UPI Payment
TXN-200608,CUST-5117,56.0,Female,40042.7,East Zone,Apparel & Fashion,7,847.82,0.0,2025-01-01 18:08,NetBanking
TXN-200609,CUST-5830,58.0,Male,56479.48,South Zone,Beauty & Health,7,801.38,0.05,2025-01-01 18:09,Digital Wallet
TXN-200610,CUST-5791,66.0,Male,55734.34,North Zone,Apparel & Fashion,5,572.11,0.0,2025-01-01 18:10,Credit Card
TXN-200611,CUST-5127,28.0,Female,58815.33,North Zone,Beauty & Health,1,597.69,0.05,2025-01-01 18:11,UPI Payment
TXN-200612,CUST-5393,56.0,Female,75422.27,East Zone,Beauty & Health,6,108.74,0.05,2025-01-01 18:12,NetBanking
TXN-200613,CUST-5908,41.0,Female,64528.43,South Zone,Home Electronics,2,743.84,0.05,2025-01-01 18:13,Credit Card
TXN-200614,CUST-5641,77.0,Male,84716.84,East Zone,Apparel & Fashion,5,55.87,0.0,2025-01-01 18:14,NetBanking
TXN-200615,CUST-5058,63.0,Female,61784.28,East Zone,Apparel & Fashion,1,273.82,0.0,2025-01-01 18:15,Digital Wallet
TXN-200616,CUST-5634,36.0,Male,94857.61,West Zone,Books & Media,2,842.53,0.0,2025-01-01 18:16,Digital Wallet
TXN-200617,CUST-5513,21.0,Female,53475.66,West Zone,Books & Media,1,362.16,0.25,2025-01-01 18:17,Credit Card
TXN-200618,CUST-5751,43.0,Male,47763.1,North Zone,Electronics,6,116.26,0.0,2025-01-01 18:18,Digital Wallet
TXN-200619,CUST-5802,55.0,Male,72125.1,South Zone,Beauty & Health,7,824.07,0.0,2025-01-01 18:19,Credit Card
TXN-200620,CUST-5096,59.0,Female,87235.52,West Zone,Home Electronics,7,836.61,0.1,2025-01-01 18:20,Credit Card
TXN-200621,CUST-5638,49.0,Female,36492.14,North Zone,Books & Media,1,163.46,0.1,2025-01-01 18:21,Digital Wallet
TXN-200622,CUST-5118,56.0,Male,58355.67,South Zone,Apparel & Fashion,7,735.83,0.1,2025-01-01 18:22,NetBanking
TXN-200623,CUST-5560,62.0,Female,50700.53,North Zone,Electronics,3,335.21,0.25,2025-01-01 18:23,NetBanking
TXN-200624,CUST-5601,63.0,Male,64642.74,West Zone,Home Electronics,4,327.57,0.0,2025-01-01 18:24,Credit Card
TXN-200625,CUST-5488,53.0,Male,62185.33,North Zone,Apparel & Fashion,7,227.35,0.0,2025-01-01 18:25,UPI Payment
TXN-200626,CUST-5237,57.0,Male,86889.55,South Zone,Apparel & Fashion,3,43.26,0.0,2025-01-01 18:26,Credit Card
TXN-200627,CUST-5885,54.0,Male,59994.51,South Zone,Beauty & Health,6,231.83,0.0,2025-01-01 18:27,NetBanking
TXN-200628,CUST-5897,50.0,Female,87433.51,North Zone,Beauty & Health,6,50.91,0.05,2025-01-01 18:28,Credit Card
TXN-200629,CUST-5272,53.0,Male,56170.64,South Zone,Books & Media,1,786.13,0.0,2025-01-01 18:29,NetBanking
TXN-200630,CUST-5189,20.0,Female,79139.91,North Zone,Books & Media,7,564.32,0.05,2025-01-01 18:30,Digital Wallet
TXN-200631,CUST-5704,26.0,Female,66230.27,South Zone,Apparel & Fashion,7,754.25,0.0,2025-01-01 18:31,Credit Card
TXN-200632,CUST-5447,25.0,Male,94002.88,North Zone,Apparel & Fashion,7,611.25,0.0,2025-01-01 18:32,Credit Card
TXN-200633,CUST-5581,50.0,Female,34675.23,North Zone,Books & Media,5,116.37,0.05,2025-01-01 18:33,Digital Wallet
TXN-200634,CUST-5790,76.0,Male,40468.63,North Zone,Books & Media,2,799.82,0.0,2025-01-01 18:34,Digital Wallet
TXN-200635,CUST-5861,23.0,Female,95885.01,East Zone,Apparel & Fashion,4,765.46,0.05,2025-01-01 18:35,UPI Payment
TXN-200636,CUST-5247,58.0,Male,48434.6,South Zone,Home Electronics,7,299.45,0.25,2025-01-01 18:36,Digital Wallet
TXN-200637,CUST-5963,56.0,Male,49608.64,West Zone,Apparel & Fashion,2,99.69,0.1,2025-01-01 18:37,UPI Payment
TXN-200638,CUST-5076,21.0,Male,45799.11,North Zone,Home Electronics,5,600.16,0.0,2025-01-01 18:38,Digital Wallet
TXN-200639,CUST-5154,30.0,Male,83246.25,East Zone,Home Electronics,6,620.6,0.25,2025-01-01 18:39,NetBanking
TXN-200640,CUST-5656,66.0,Male,38811.03,West Zone,Apparel & Fashion,4,762.87,0.0,2025-01-01 18:40,Credit Card
TXN-200641,CUST-5435,77.0,Female,62415.33,North Zone,Electronics,3,49.97,0.05,2025-01-01 18:41,Digital Wallet
TXN-200642,CUST-5997,19.0,Female,57086.0,West Zone,Books & Media,6,125.17,0.0,2025-01-01 18:42,NetBanking
TXN-200643,CUST-5086,77.0,Female,81175.54,East Zone,Beauty & Health,6,510.72,0.0,2025-01-01 18:43,Digital Wallet
TXN-200644,CUST-5697,22.0,Female,51571.87,West Zone,Apparel & Fashion,1,528.36,0.25,2025-01-01 18:44,Credit Card
TXN-200645,CUST-5285,61.0,Male,69682.54,North Zone,Home Electronics,5,33.88,0.0,2025-01-01 18:45,Digital Wallet
TXN-200646,CUST-5974,44.0,Male,40332.5,West Zone,Apparel & Fashion,1,340.71,0.1,2025-01-01 18:46,Digital Wallet
TXN-200647,CUST-5220,49.0,Male,104067.91,West Zone,Books & Media,1,498.82,0.0,2025-01-01 18:47,Credit Card
TXN-200648,CUST-5069,38.0,Male,57567.54,North Zone,Home Electronics,2,628.67,0.1,2025-01-01 18:48,Digital Wallet
TXN-200649,CUST-5047,25.0,Female,62162.12,East Zone,Beauty & Health,6,272.49,0.25,2025-01-01 18:49,Credit Card
TXN-200650,CUST-5094,55.0,Female,92612.96,East Zone,Beauty & Health,5,414.16,0.0,2025-01-01 18:50,UPI Payment
TXN-200651,CUST-5750,25.0,Male,51146.55,West Zone,Beauty & Health,1,692.97,0.05,2025-01-01 18:51,Digital Wallet
TXN-200652,CUST-5958,67.0,Male,92846.57,South Zone,Electronics,3,811.06,0.05,2025-01-01 18:52,NetBanking
TXN-200653,CUST-5453,20.0,Female,54387.78,West Zone,Home Electronics,4,200.0,0.25,2025-01-01 18:53,Digital Wallet
TXN-200654,CUST-5204,71.0,Female,,South Zone,Home Electronics,7,219.19,0.0,2025-01-01 18:54,Credit Card
TXN-200655,CUST-5912,61.0,Male,51405.39,West Zone,Electronics,5,799.18,0.05,2025-01-01 18:55,Credit Card
TXN-200656,CUST-5218,,Female,36913.33,East Zone,Home Electronics,2,339.85,0.0,2025-01-01 18:56,NetBanking
TXN-200657,CUST-5474,75.0,Other,69670.0,West Zone,Electronics,5,612.15,0.0,2025-01-01 18:57,NetBanking
TXN-200658,CUST-5432,,Male,73838.21,West Zone,Apparel & Fashion,6,522.56,0.0,2025-01-01 18:58,Credit Card
TXN-200659,CUST-5341,39.0,Male,37656.11,South Zone,Books & Media,2,246.68,0.05,2025-01-01 18:59,UPI Payment
TXN-200660,CUST-5551,23.0,Female,56319.42,East Zone,Beauty & Health,4,557.43,0.1,2025-01-01 19:00,UPI Payment
TXN-200661,CUST-5612,19.0,Female,84214.04,South Zone,Electronics,3,559.13,0.0,2025-01-01 19:01,Credit Card
TXN-200662,CUST-5289,40.0,Female,73102.2,West Zone,Electronics,1,505.82,0.05,2025-01-01 19:02,UPI Payment
TXN-200663,CUST-5254,61.0,Male,54688.52,North Zone,Electronics,5,89.66,0.05,2025-01-01 19:03,NetBanking
TXN-200664,CUST-5734,19.0,Male,50945.77,West Zone,Apparel & Fashion,2,845.92,0.0,2025-01-01 19:04,UPI Payment
TXN-200665,CUST-5357,55.0,Female,98042.52,West Zone,Electronics,4,343.65,0.25,2025-01-01 19:05,NetBanking
TXN-200666,CUST-5023,34.0,Female,35231.76,South Zone,Books & Media,1,544.5,0.0,2025-01-01 19:06,Digital Wallet
TXN-200667,CUST-5762,52.0,Male,60904.83,North Zone,Books & Media,7,753.53,0.0,2025-01-01 19:07,NetBanking
TXN-200668,CUST-5522,51.0,Female,34903.11,North Zone,Beauty & Health,4,362.97,0.0,2025-01-01 19:08,Digital Wallet
TXN-200669,CUST-5758,40.0,Female,86324.07,South Zone,Apparel & Fashion,3,659.08,0.1,2025-01-01 19:09,NetBanking
TXN-200670,CUST-5837,47.0,Female,61868.21,East Zone,Books & Media,1,826.21,0.25,2025-01-01 19:10,NetBanking
TXN-200671,CUST-5100,69.0,Female,65296.22,North Zone,Home Electronics,1,308.62,0.0,2025-01-01 19:11,UPI Payment
TXN-200672,CUST-5802,25.0,Female,113224.51,North Zone,Home Electronics,7,347.75,0.0,2025-01-01 19:12,NetBanking
TXN-200673,CUST-5180,39.0,Male,51020.76,South Zone,Home Electronics,1,770.26,0.0,2025-01-01 19:13,Credit Card
TXN-200674,CUST-5223,61.0,Female,94348.65,East Zone,Electronics,2,140.32,0.05,2025-01-01 19:14,Digital Wallet
TXN-200675,CUST-5906,75.0,Male,54771.46,East Zone,Electronics,1,29.65,0.05,2025-01-01 19:15,Digital Wallet
TXN-200676,CUST-5762,53.0,Female,57680.02,West Zone,Home Electronics,4,773.06,0.25,2025-01-01 19:16,NetBanking
TXN-200677,CUST-5659,22.0,Male,110806.24,West Zone,Beauty & Health,2,699.33,0.1,2025-01-01 19:17,Credit Card
TXN-200678,CUST-5442,30.0,Female,59019.83,South Zone,Beauty & Health,1,826.85,0.1,2025-01-01 19:18,NetBanking
TXN-200679,CUST-5608,46.0,Male,36574.13,East Zone,Electronics,4,54.68,0.0,2025-01-01 19:19,NetBanking
TXN-200680,CUST-5769,48.0,Male,67215.5,South Zone,Home Electronics,4,137.39,0.0,2025-01-01 19:20,UPI Payment
TXN-200681,CUST-5325,64.0,Male,58804.37,West Zone,Beauty & Health,5,94.44,0.05,2025-01-01 19:21,NetBanking
TXN-200682,CUST-5516,74.0,Male,68791.27,South Zone,Electronics,4,582.64,0.0,2025-01-01 19:22,NetBanking
TXN-200683,CUST-5016,72.0,Female,59528.44,South Zone,Home Electronics,7,517.28,0.0,2025-01-01 19:23,UPI Payment
TXN-200684,CUST-5792,33.0,Female,102987.58,North Zone,Apparel & Fashion,6,308.96,0.0,2025-01-01 19:24,UPI Payment
TXN-200685,CUST-5336,59.0,Female,72299.61,North Zone,Home Electronics,3,53.99,0.0,2025-01-01 19:25,Credit Card
TXN-200686,CUST-5759,79.0,Male,42113.15,North Zone,Home Electronics,1,545.69,0.05,2025-01-01 19:26,UPI Payment
TXN-200687,CUST-5258,47.0,Male,64304.12,West Zone,Books & Media,7,486.97,0.05,2025-01-01 19:27,Digital Wallet
TXN-200688,CUST-5497,74.0,Male,47206.85,South Zone,Books & Media,1,100.85,0.0,2025-01-01 19:28,Digital Wallet
TXN-200689,CUST-5988,72.0,Male,57417.29,North Zone,Apparel & Fashion,1,773.07,0.05,2025-01-01 19:29,Credit Card
TXN-200690,CUST-5896,33.0,Female,45156.85,North Zone,Apparel & Fashion,4,173.51,0.0,2025-01-01 19:30,NetBanking
TXN-200691,CUST-5160,29.0,Male,100981.69,North Zone,Home Electronics,4,633.39,0.05,2025-01-01 19:31,Credit Card
TXN-200692,CUST-5475,34.0,Male,49209.38,West Zone,Beauty & Health,1,752.95,0.0,2025-01-01 19:32,UPI Payment
TXN-200693,CUST-5852,33.0,Male,74719.94,West Zone,Apparel & Fashion,6,494.87,0.1,2025-01-01 19:33,NetBanking
TXN-200694,CUST-5664,29.0,Male,56015.63,South Zone,Home Electronics,2,213.96,0.1,2025-01-01 19:34,Credit Card
TXN-200695,CUST-5908,25.0,Female,40569.36,South Zone,Electronics,2,266.66,0.05,2025-01-01 19:35,Credit Card
TXN-200696,CUST-5690,37.0,Female,65656.51,South Zone,Books & Media,3,753.51,0.05,2025-01-01 19:36,Digital Wallet
TXN-200697,CUST-5675,20.0,Male,69412.8,North Zone,Beauty & Health,5,257.38,0.05,2025-01-01 19:37,Credit Card
TXN-200698,CUST-5380,33.0,Male,72334.59,East Zone,Home Electronics,7,635.66,0.0,2025-01-01 19:38,NetBanking
TXN-200699,CUST-5545,47.0,Male,13488.95,West Zone,Electronics,3,841.69,0.05,2025-01-01 19:39,Credit Card
TXN-200700,CUST-5929,62.0,Male,39155.35,North Zone,Books & Media,1,849.85,0.0,2025-01-01 19:40,Credit Card
TXN-200701,CUST-5957,40.0,Male,79714.76,North Zone,Electronics,7,456.02,0.0,2025-01-01 19:41,UPI Payment
TXN-200702,CUST-5691,45.0,Other,44913.27,South Zone,Home Electronics,1,703.53,0.0,2025-01-01 19:42,Credit Card
TXN-200703,CUST-5427,68.0,Female,65754.46,South Zone,Apparel & Fashion,1,841.77,0.25,2025-01-01 19:43,NetBanking
TXN-200704,CUST-5613,57.0,Female,38726.54,North Zone,Books & Media,5,321.91,0.0,2025-01-01 19:44,Digital Wallet
TXN-200705,CUST-5268,71.0,Male,75534.62,West Zone,Electronics,4,218.66,0.0,2025-01-01 19:45,Digital Wallet
TXN-200706,CUST-5835,22.0,Male,79228.49,West Zone,Apparel & Fashion,5,101.97,0.25,2025-01-01 19:46,Digital Wallet
TXN-200707,CUST-5577,37.0,Female,75540.33,North Zone,Beauty & Health,3,124.49,0.1,2025-01-01 19:47,Digital Wallet
TXN-200708,CUST-5417,57.0,Female,81102.3,East Zone,Home Electronics,4,726.33,0.0,2025-01-01 19:48,UPI Payment
TXN-200709,CUST-5168,73.0,Female,90932.15,East Zone,Home Electronics,4,502.68,0.25,2025-01-01 19:49,NetBanking
TXN-200710,CUST-5842,61.0,Male,40279.63,West Zone,Books & Media,3,743.35,0.0,2025-01-01 19:50,UPI Payment
TXN-200711,CUST-5043,,Female,47409.57,South Zone,Electronics,4,672.19,0.05,2025-01-01 19:51,Digital Wallet
TXN-200712,CUST-5556,74.0,Male,78604.56,East Zone,Beauty & Health,7,574.48,0.05,2025-01-01 19:52,UPI Payment
TXN-200713,CUST-5285,47.0,Female,82909.07,East Zone,Books & Media,2,520.06,0.0,2025-01-01 19:53,Credit Card
TXN-200714,CUST-5397,38.0,Female,49524.66,South Zone,Books & Media,3,46.32,0.05,2025-01-01 19:54,NetBanking
TXN-200715,CUST-5012,37.0,Female,48238.11,East Zone,Electronics,3,742.14,0.0,2025-01-01 19:55,Credit Card
TXN-200716,CUST-5607,23.0,Male,49934.05,North Zone,Beauty & Health,2,358.37,0.0,2025-01-01 19:56,UPI Payment
TXN-200717,CUST-5302,39.0,Female,32305.74,East Zone,Electronics,5,478.24,0.05,2025-01-01 19:57,Credit Card
TXN-200718,CUST-5898,35.0,Male,38478.89,South Zone,Home Electronics,5,24.04,0.0,2025-01-01 19:58,UPI Payment
TXN-200719,CUST-5253,25.0,Male,38925.09,North Zone,Apparel & Fashion,5,796.01,0.25,2025-01-01 19:59,UPI Payment
TXN-200720,CUST-5499,56.0,Male,56559.18,East Zone,Home Electronics,4,767.86,0.0,2025-01-01 20:00,NetBanking
TXN-200721,CUST-5754,49.0,Female,67010.48,West Zone,Home Electronics,2,464.3,0.0,2025-01-01 20:01,NetBanking
TXN-200722,CUST-5035,50.0,Male,70019.25,North Zone,Books & Media,7,493.04,0.05,2025-01-01 20:02,NetBanking
TXN-200723,CUST-5727,70.0,Male,52591.6,North Zone,Home Electronics,3,600.89,0.0,2025-01-01 20:03,Digital Wallet
TXN-200724,CUST-5849,33.0,Female,53046.24,West Zone,Beauty & Health,3,229.03,0.0,2025-01-01 20:04,NetBanking
TXN-200725,CUST-5090,29.0,Male,64287.74,West Zone,Home Electronics,3,192.91,0.0,2025-01-01 20:05,Credit Card
TXN-200726,CUST-5776,55.0,Female,34323.73,East Zone,Beauty & Health,4,574.71,0.25,2025-01-01 20:06,NetBanking
TXN-200727,CUST-5605,69.0,Male,79749.65,East Zone,Electronics,4,93.68,0.0,2025-01-01 20:07,NetBanking
TXN-200728,CUST-5922,51.0,Male,85779.63,South Zone,Books & Media,6,388.96,0.0,2025-01-01 20:08,NetBanking
TXN-200729,CUST-5970,78.0,Female,50426.76,South Zone,Beauty & Health,7,421.64,0.0,2025-01-01 20:09,UPI Payment
TXN-200730,CUST-5602,31.0,Male,54628.93,North Zone,Home Electronics,5,327.54,0.0,2025-01-01 20:10,UPI Payment
TXN-200731,CUST-5418,53.0,Female,85001.28,West Zone,Books & Media,6,161.96,0.0,2025-01-01 20:11,NetBanking
TXN-200732,CUST-5115,50.0,Female,59723.55,West Zone,Books & Media,6,305.56,0.1,2025-01-01 20:12,UPI Payment
TXN-200733,CUST-5617,40.0,Female,72882.54,South Zone,Beauty & Health,4,290.57,0.25,2025-01-01 20:13,UPI Payment
TXN-200734,CUST-5903,67.0,Female,60292.35,North Zone,Beauty & Health,5,427.13,0.0,2025-01-01 20:14,Digital Wallet
TXN-200735,CUST-5196,62.0,Male,90791.69,North Zone,Apparel & Fashion,5,575.27,0.0,2025-01-01 20:15,Credit Card
TXN-200736,CUST-5826,19.0,Male,71066.47,South Zone,Apparel & Fashion,3,823.17,0.25,2025-01-01 20:16,UPI Payment
TXN-200737,CUST-5501,58.0,Female,72131.63,South Zone,Books & Media,4,127.25,0.0,2025-01-01 20:17,Credit Card
TXN-200738,CUST-5626,38.0,Female,72476.67,South Zone,Apparel & Fashion,5,742.76,0.0,2025-01-01 20:18,UPI Payment
TXN-200739,CUST-5493,19.0,Female,51730.4,East Zone,Home Electronics,6,245.49,0.25,2025-01-01 20:19,NetBanking
TXN-200740,CUST-5075,44.0,Female,53430.08,North Zone,Electronics,2,504.91,0.05,2025-01-01 20:20,UPI Payment
TXN-200741,CUST-5413,74.0,Female,76231.04,North Zone,Books & Media,2,467.22,0.0,2025-01-01 20:21,UPI Payment
TXN-200742,CUST-5376,26.0,Female,64338.64,North Zone,Electronics,4,475.84,0.0,2025-01-01 20:22,Credit Card
TXN-200743,CUST-5420,18.0,Male,40214.2,South Zone,Apparel & Fashion,3,616.38,0.0,2025-01-01 20:23,NetBanking
TXN-200744,CUST-5729,28.0,Female,96652.43,South Zone,Beauty & Health,3,327.84,0.0,2025-01-01 20:24,Digital Wallet
TXN-200745,CUST-5277,20.0,Male,80094.33,South Zone,Books & Media,5,274.98,0.1,2025-01-01 20:25,Credit Card
TXN-200746,CUST-5761,69.0,Male,62696.09,South Zone,Apparel & Fashion,7,725.72,0.05,2025-01-01 20:26,NetBanking
TXN-200747,CUST-5676,79.0,Female,56940.23,West Zone,Home Electronics,4,191.37,0.05,2025-01-01 20:27,NetBanking
TXN-200748,CUST-5394,40.0,Female,65675.5,South Zone,Books & Media,7,157.72,0.0,2025-01-01 20:28,Credit Card
TXN-200749,CUST-5869,43.0,Female,71574.12,East Zone,Books & Media,2,18.68,0.0,2025-01-01 20:29,UPI Payment
TXN-200750,CUST-5457,21.0,Male,24389.49,West Zone,Beauty & Health,6,183.33,0.0,2025-01-01 20:30,NetBanking
TXN-200751,CUST-5920,35.0,Male,101078.47,West Zone,Books & Media,5,443.4,0.1,2025-01-01 20:31,Digital Wallet
TXN-200752,CUST-5192,72.0,Female,47387.14,South Zone,Beauty & Health,6,460.27,0.05,2025-01-01 20:32,UPI Payment
TXN-200753,CUST-5739,23.0,Female,61964.75,North Zone,Apparel & Fashion,7,220.36,0.0,2025-01-01 20:33,Credit Card
TXN-200754,CUST-5689,52.0,Male,62645.04,South Zone,Home Electronics,5,66.54,0.0,2025-01-01 20:34,Credit Card
TXN-200755,CUST-5099,39.0,Male,98941.73,North Zone,Home Electronics,1,634.35,0.1,2025-01-01 20:35,Credit Card
TXN-200756,CUST-5548,60.0,Female,60369.71,South Zone,Books & Media,6,645.61,0.0,2025-01-01 20:36,Credit Card
TXN-200757,CUST-5978,32.0,Male,91387.38,South Zone,Books & Media,4,848.17,0.0,2025-01-01 20:37,Digital Wallet
TXN-200758,CUST-5096,39.0,Female,69524.46,North Zone,Apparel & Fashion,6,765.57,0.0,2025-01-01 20:38,Digital Wallet
TXN-200759,CUST-5664,77.0,Other,44205.13,North Zone,Beauty & Health,6,787.56,0.0,2025-01-01 20:39,NetBanking
TXN-200760,CUST-5663,54.0,Male,64492.09,North Zone,Home Electronics,5,679.58,0.1,2025-01-01 20:40,Digital Wallet
TXN-200761,CUST-5190,69.0,Female,59807.59,North Zone,Beauty & Health,2,525.29,0.05,2025-01-01 20:41,Credit Card
TXN-200762,CUST-5736,59.0,Male,41944.7,East Zone,Apparel & Fashion,7,114.06,0.05,2025-01-01 20:42,Digital Wallet
TXN-200763,CUST-5037,29.0,Male,68617.87,North Zone,Home Electronics,1,531.04,0.1,2025-01-01 20:43,UPI Payment
TXN-200764,CUST-5780,64.0,Female,62408.9,South Zone,Home Electronics,6,52.75,0.25,2025-01-01 20:44,UPI Payment
TXN-200765,CUST-5369,66.0,Male,72293.8,South Zone,Electronics,7,753.14,0.0,2025-01-01 20:45,NetBanking
TXN-200766,CUST-5695,59.0,Other,65577.03,East Zone,Apparel & Fashion,7,412.4,0.0,2025-01-01 20:46,Credit Card
TXN-200767,CUST-5525,55.0,Female,49954.6,North Zone,Apparel & Fashion,2,594.52,0.0,2025-01-01 20:47,Digital Wallet
TXN-200768,CUST-5279,35.0,Male,76214.18,South Zone,Electronics,3,49.62,0.0,2025-01-01 20:48,NetBanking
TXN-200769,CUST-5217,62.0,Male,50448.63,East Zone,Beauty & Health,1,456.67,0.1,2025-01-01 20:49,NetBanking
TXN-200770,CUST-5867,52.0,Male,4656.1,South Zone,Electronics,1,259.92,0.1,2025-01-01 20:50,Digital Wallet
TXN-200771,CUST-5873,47.0,Male,64380.08,East Zone,Apparel & Fashion,7,246.16,0.05,2025-01-01 20:51,NetBanking
TXN-200772,CUST-5798,41.0,Male,51749.64,East Zone,Beauty & Health,5,334.56,0.0,2025-01-01 20:52,Credit Card
TXN-200773,CUST-5273,59.0,Male,69069.41,West Zone,Home Electronics,6,6.04,0.0,2025-01-01 20:53,Digital Wallet
TXN-200774,CUST-5881,47.0,Female,98979.13,West Zone,Electronics,3,399.6,0.0,2025-01-01 20:54,UPI Payment
TXN-200775,CUST-5062,31.0,Female,99513.18,North Zone,Beauty & Health,5,416.41,0.1,2025-01-01 20:55,UPI Payment
TXN-200776,CUST-5596,23.0,Female,58945.23,West Zone,Beauty & Health,4,734.41,0.0,2025-01-01 20:56,Digital Wallet
TXN-200777,CUST-5880,20.0,Female,46709.47,East Zone,Beauty & Health,2,384.28,0.0,2025-01-01 20:57,NetBanking
TXN-200778,CUST-5729,33.0,Male,72816.64,South Zone,Electronics,2,312.52,0.0,2025-01-01 20:58,NetBanking
TXN-200779,CUST-5342,24.0,Male,55150.83,South Zone,Home Electronics,5,845.56,0.25,2025-01-01 20:59,UPI Payment
TXN-200780,CUST-5397,69.0,Female,69247.87,North Zone,Beauty & Health,7,487.89,0.05,2025-01-01 21:00,UPI Payment
TXN-200781,CUST-5699,31.0,Female,49774.08,West Zone,Electronics,2,404.62,0.25,2025-01-01 21:01,Credit Card
TXN-200782,CUST-5019,26.0,Male,66637.81,North Zone,Apparel & Fashion,6,424.32,0.1,2025-01-01 21:02,NetBanking
TXN-200783,CUST-5177,32.0,Female,46978.48,East Zone,Electronics,2,688.85,0.0,2025-01-01 21:03,Credit Card
TXN-200784,CUST-5612,38.0,Female,83908.69,West Zone,Electronics,6,293.2,0.0,2025-01-01 21:04,UPI Payment
TXN-200785,CUST-5396,52.0,Female,51085.41,North Zone,Electronics,4,334.15,0.0,2025-01-01 21:05,UPI Payment
TXN-200786,CUST-5445,19.0,Male,74230.4,South Zone,Beauty & Health,3,643.84,0.05,2025-01-01 21:06,UPI Payment
TXN-200787,CUST-5233,44.0,Female,38601.81,South Zone,Electronics,1,67.13,0.1,2025-01-01 21:07,UPI Payment
TXN-200788,CUST-5915,19.0,Female,76451.72,North Zone,Apparel & Fashion,5,736.14,0.0,2025-01-01 21:08,Credit Card
TXN-200789,CUST-5076,52.0,Female,44121.89,North Zone,Beauty & Health,5,368.81,0.0,2025-01-01 21:09,UPI Payment
TXN-200790,CUST-5265,35.0,Female,66831.77,North Zone,Apparel & Fashion,6,496.4,0.05,2025-01-01 21:10,Digital Wallet
TXN-200791,CUST-5455,31.0,Female,80929.22,East Zone,Books & Media,4,645.19,0.0,2025-01-01 21:11,NetBanking
TXN-200792,CUST-5796,37.0,Female,58300.32,East Zone,Electronics,4,230.18,0.05,2025-01-01 21:12,UPI Payment
TXN-200793,CUST-5718,35.0,Male,42960.41,South Zone,Beauty & Health,7,757.37,0.0,2025-01-01 21:13,NetBanking
TXN-200794,CUST-5735,81.0,Female,71191.03,East Zone,Beauty & Health,1,832.46,0.0,2025-01-01 21:14,UPI Payment
TXN-200795,CUST-5384,27.0,Female,46441.84,East Zone,Electronics,3,422.91,0.0,2025-01-01 21:15,Credit Card
TXN-200796,CUST-5564,42.0,Female,54521.46,West Zone,Home Electronics,5,796.74,0.05,2025-01-01 21:16,NetBanking
TXN-200797,CUST-5851,19.0,Male,66911.06,East Zone,Home Electronics,6,6.45,0.0,2025-01-01 21:17,Credit Card
TXN-200798,CUST-5506,42.0,Male,87172.51,West Zone,Apparel & Fashion,4,760.68,0.0,2025-01-01 21:18,UPI Payment
TXN-200799,CUST-5367,78.0,Female,62491.24,East Zone,Electronics,5,268.18,0.1,2025-01-01 21:19,Digital Wallet
TXN-200800,CUST-5144,71.0,Female,62422.86,South Zone,Electronics,6,268.56,0.0,2025-01-01 21:20,Digital Wallet
TXN-200801,CUST-5885,50.0,Female,75643.99,North Zone,Books & Media,2,198.12,0.0,2025-01-01 21:21,Digital Wallet
TXN-200802,CUST-5069,53.0,Female,62931.88,South Zone,Home Electronics,5,273.22,0.05,2025-01-01 21:22,Digital Wallet
TXN-200803,CUST-5099,,Female,73757.31,East Zone,Home Electronics,3,185.79,0.0,2025-01-01 21:23,Digital Wallet
TXN-200804,CUST-5396,31.0,Female,81952.87,North Zone,Electronics,6,770.51,0.0,2025-01-01 21:24,Credit Card
TXN-200805,CUST-5025,18.0,Female,55936.86,North Zone,Apparel & Fashion,3,764.73,0.25,2025-01-01 21:25,Digital Wallet
TXN-200806,CUST-5948,63.0,Female,1412.3,North Zone,Electronics,5,91.82,0.05,2025-01-01 21:26,UPI Payment
TXN-200807,CUST-5891,33.0,Female,46868.35,West Zone,Apparel & Fashion,2,126.14,0.05,2025-01-01 21:27,Credit Card
TXN-200808,CUST-5469,,Male,84360.62,South Zone,Home Electronics,3,733.47,0.05,2025-01-01 21:28,Credit Card
TXN-200809,CUST-5484,63.0,Female,61375.35,West Zone,Books & Media,4,342.4,0.0,2025-01-01 21:29,Digital Wallet
TXN-200810,CUST-5565,78.0,Female,55726.09,North Zone,Beauty & Health,6,148.45,0.0,2025-01-01 21:30,NetBanking
TXN-200811,CUST-5151,69.0,Male,83585.52,South Zone,Home Electronics,5,436.76,0.0,2025-01-01 21:31,UPI Payment
TXN-200812,CUST-5144,20.0,Male,60125.49,South Zone,Apparel & Fashion,2,357.38,0.25,2025-01-01 21:32,Credit Card
TXN-200813,CUST-5569,52.0,Male,23288.14,East Zone,Electronics,4,190.58,0.0,2025-01-01 21:33,UPI Payment
TXN-200814,CUST-5039,58.0,Male,34151.91,West Zone,Home Electronics,5,614.18,0.0,2025-01-01 21:34,NetBanking
TXN-200815,CUST-5109,23.0,Male,69744.99,West Zone,Books & Media,7,538.62,0.25,2025-01-01 21:35,Credit Card
TXN-200816,CUST-5693,42.0,Male,60762.52,East Zone,Apparel & Fashion,2,89.66,0.1,2025-01-01 21:36,UPI Payment
TXN-200817,CUST-5042,30.0,Female,88911.14,West Zone,Electronics,4,786.99,0.25,2025-01-01 21:37,Digital Wallet
TXN-200818,CUST-5186,70.0,Female,48434.53,North Zone,Beauty & Health,3,477.13,0.05,2025-01-01 21:38,Credit Card
TXN-200819,CUST-5935,51.0,Male,56274.24,North Zone,Apparel & Fashion,5,216.8,0.0,2025-01-01 21:39,Credit Card
TXN-200820,CUST-5398,25.0,Male,45636.69,West Zone,Electronics,5,4500.0,0.1,2025-01-01 21:40,Credit Card
TXN-200821,CUST-5223,38.0,Female,52369.01,East Zone,Beauty & Health,3,120.31,0.0,2025-01-01 21:41,Credit Card
TXN-200822,CUST-5634,51.0,Male,26999.78,South Zone,Electronics,7,364.11,0.0,2025-01-01 21:42,Digital Wallet
TXN-200823,CUST-5133,21.0,Female,54864.83,West Zone,Beauty & Health,1,119.96,0.05,2025-01-01 21:43,NetBanking
TXN-200824,CUST-5163,42.0,Female,61040.43,South Zone,Beauty & Health,4,356.66,0.05,2025-01-01 21:44,NetBanking
TXN-200825,CUST-5215,32.0,Female,59477.88,East Zone,Beauty & Health,3,131.14,0.1,2025-01-01 21:45,UPI Payment
TXN-200826,CUST-5733,21.0,Male,101766.74,South Zone,Electronics,5,560.17,0.25,2025-01-01 21:46,Digital Wallet
TXN-200827,CUST-5235,62.0,Female,95919.46,East Zone,Beauty & Health,4,668.64,0.1,2025-01-01 21:47,Digital Wallet
TXN-200828,CUST-5843,77.0,Male,48108.36,East Zone,Apparel & Fashion,7,469.57,0.0,2025-01-01 21:48,UPI Payment
TXN-200829,CUST-5658,29.0,Female,24187.17,North Zone,Books & Media,4,579.81,0.05,2025-01-01 21:49,Digital Wallet
TXN-200830,CUST-5751,49.0,Female,60164.79,North Zone,Books & Media,1,797.96,0.1,2025-01-01 21:50,Digital Wallet
TXN-200831,CUST-5588,81.0,Male,68965.44,East Zone,Beauty & Health,5,544.6,0.25,2025-01-01 21:51,Credit Card
TXN-200832,CUST-5009,49.0,Male,46081.04,West Zone,Books & Media,2,313.03,0.0,2025-01-01 21:52,Credit Card
TXN-200833,CUST-5074,45.0,Male,46996.95,North Zone,Books & Media,1,385.09,0.0,2025-01-01 21:53,Credit Card
TXN-200834,CUST-5954,30.0,Female,91277.27,East Zone,Beauty & Health,1,732.21,0.1,2025-01-01 21:54,Digital Wallet
TXN-200835,CUST-5492,48.0,Male,57235.3,South Zone,Beauty & Health,2,115.89,0.0,2025-01-01 21:55,Digital Wallet
TXN-200836,CUST-5913,31.0,Female,74251.63,South Zone,Apparel & Fashion,2,280.58,0.05,2025-01-01 21:56,NetBanking
TXN-200837,CUST-5253,37.0,Male,44789.34,West Zone,Home Electronics,7,493.01,0.0,2025-01-01 21:57,Credit Card
TXN-200838,CUST-5230,35.0,Female,60946.6,South Zone,Electronics,7,576.71,0.0,2025-01-01 21:58,UPI Payment
TXN-200839,CUST-5519,46.0,Female,55777.74,South Zone,Beauty & Health,1,650.27,0.05,2025-01-01 21:59,Digital Wallet
TXN-200840,CUST-5174,77.0,Female,49505.6,East Zone,Beauty & Health,4,274.23,0.0,2025-01-01 22:00,Credit Card
TXN-200841,CUST-5653,80.0,Female,83373.06,South Zone,Books & Media,3,128.68,0.05,2025-01-01 22:01,NetBanking
TXN-200842,CUST-5168,23.0,Male,36305.78,South Zone,Apparel & Fashion,3,811.86,0.0,2025-01-01 22:02,Credit Card
TXN-200843,CUST-5170,49.0,Male,67551.05,South Zone,Books & Media,1,70.01,0.0,2025-01-01 22:03,NetBanking
TXN-200844,CUST-5393,46.0,Female,55430.25,South Zone,Beauty & Health,4,4500.0,0.0,2025-01-01 22:04,NetBanking
TXN-200845,CUST-5946,60.0,Male,69674.25,East Zone,Beauty & Health,2,423.48,0.05,2025-01-01 22:05,Digital Wallet
TXN-200846,CUST-5795,79.0,Male,55680.83,South Zone,Books & Media,6,697.37,0.0,2025-01-01 22:06,NetBanking
TXN-200847,CUST-5634,19.0,Male,,West Zone,Beauty & Health,1,659.57,0.05,2025-01-01 22:07,NetBanking
TXN-200848,CUST-5194,77.0,Male,44615.5,North Zone,Home Electronics,5,797.39,0.05,2025-01-01 22:08,UPI Payment
TXN-200849,CUST-5517,40.0,Male,83414.73,West Zone,Electronics,4,125.08,0.05,2025-01-01 22:09,NetBanking
TXN-200850,CUST-5029,,Female,61467.15,North Zone,Electronics,5,322.8,0.05,2025-01-01 22:10,UPI Payment
TXN-200851,CUST-5165,48.0,Male,37422.7,West Zone,Electronics,5,243.77,0.0,2025-01-01 22:11,UPI Payment
TXN-200852,CUST-5422,68.0,Female,74583.99,North Zone,Home Electronics,1,732.5,0.0,2025-01-01 22:12,Credit Card
TXN-200853,CUST-5339,22.0,Male,58321.28,North Zone,Beauty & Health,4,417.92,0.05,2025-01-01 22:13,Credit Card
TXN-200854,CUST-5648,36.0,Female,30405.0,North Zone,Books & Media,5,28.17,0.0,2025-01-01 22:14,Digital Wallet
TXN-200855,CUST-5496,51.0,Male,68150.66,North Zone,Apparel & Fashion,7,603.38,0.1,2025-01-01 22:15,Digital Wallet
TXN-200856,CUST-5365,27.0,Female,80622.02,East Zone,Beauty & Health,7,333.76,0.1,2025-01-01 22:16,Digital Wallet
TXN-200857,CUST-5833,42.0,Female,85719.51,West Zone,Home Electronics,4,454.05,0.0,2025-01-01 22:17,NetBanking
TXN-200858,CUST-5342,19.0,Male,55000.49,North Zone,Home Electronics,3,760.3,0.05,2025-01-01 22:18,Credit Card
TXN-200859,CUST-5500,79.0,Female,64688.38,West Zone,Electronics,6,222.32,0.25,2025-01-01 22:19,NetBanking
TXN-200860,CUST-5657,28.0,Other,62934.92,South Zone,Beauty & Health,5,208.4,0.0,2025-01-01 22:20,Credit Card
TXN-200861,CUST-5511,67.0,Female,89561.35,North Zone,Electronics,5,227.77,0.05,2025-01-01 22:21,NetBanking
TXN-200862,CUST-5327,78.0,Female,47005.96,West Zone,Apparel & Fashion,4,291.03,0.0,2025-01-01 22:22,Digital Wallet
TXN-200863,CUST-5217,48.0,Male,53403.8,East Zone,Electronics,7,96.16,0.0,2025-01-01 22:23,Credit Card
TXN-200864,CUST-5301,73.0,Female,46557.67,West Zone,Apparel & Fashion,6,594.3,0.1,2025-01-01 22:24,Credit Card
TXN-200865,CUST-5132,32.0,Male,35190.72,North Zone,Home Electronics,3,180.65,0.05,2025-01-01 22:25,UPI Payment
TXN-200866,CUST-5804,26.0,Male,66584.06,South Zone,Electronics,5,787.63,0.05,2025-01-01 22:26,Credit Card
TXN-200867,CUST-5070,40.0,Other,91624.02,West Zone,Electronics,1,187.65,0.25,2025-01-01 22:27,Credit Card
TXN-200868,CUST-5252,36.0,Male,58328.04,South Zone,Books & Media,7,221.39,0.05,2025-01-01 22:28,NetBanking
TXN-200869,CUST-5415,26.0,Female,45684.91,East Zone,Home Electronics,4,256.33,0.05,2025-01-01 22:29,Digital Wallet
TXN-200870,CUST-5787,52.0,Female,295000.0,West Zone,Books & Media,4,654.53,0.05,2025-01-01 22:30,UPI Payment
TXN-200871,CUST-5445,38.0,Female,72898.69,West Zone,Apparel & Fashion,7,366.61,0.05,2025-01-01 22:31,NetBanking
TXN-200872,CUST-5876,26.0,Other,59107.28,East Zone,Apparel & Fashion,5,697.43,0.1,2025-01-01 22:32,Credit Card
TXN-200873,CUST-5182,45.0,Male,87965.4,East Zone,Home Electronics,3,668.31,0.25,2025-01-01 22:33,NetBanking
TXN-200874,CUST-5167,79.0,Male,46971.3,East Zone,Apparel & Fashion,5,790.45,0.1,2025-01-01 22:34,Digital Wallet
TXN-200875,CUST-5091,63.0,Male,56691.06,North Zone,Home Electronics,7,644.45,0.05,2025-01-01 22:35,UPI Payment
TXN-200876,CUST-5714,68.0,Male,67475.78,North Zone,Apparel & Fashion,2,49.34,0.0,2025-01-01 22:36,NetBanking
TXN-200877,CUST-5858,24.0,Male,69269.83,West Zone,Beauty & Health,5,712.58,0.1,2025-01-01 22:37,Credit Card
TXN-200878,CUST-5531,33.0,Male,62873.72,West Zone,Electronics,6,797.7,0.05,2025-01-01 22:38,NetBanking
TXN-200879,CUST-5039,33.0,Female,38349.23,West Zone,Beauty & Health,7,844.67,0.1,2025-01-01 22:39,Credit Card
TXN-200880,CUST-5126,77.0,Female,105253.21,South Zone,Home Electronics,6,111.29,0.0,2025-01-01 22:40,UPI Payment
TXN-200881,CUST-5451,50.0,Male,57634.56,East Zone,Home Electronics,7,523.41,0.25,2025-01-01 22:41,UPI Payment
TXN-200882,CUST-5173,21.0,Female,64039.95,West Zone,Beauty & Health,2,173.94,0.0,2025-01-01 22:42,NetBanking
TXN-200883,CUST-5653,21.0,Male,73410.08,East Zone,Electronics,6,227.19,0.0,2025-01-01 22:43,UPI Payment
TXN-200884,CUST-5754,56.0,Male,50224.65,North Zone,Electronics,6,635.15,0.05,2025-01-01 22:44,Digital Wallet
TXN-200885,CUST-5220,57.0,Female,63053.14,East Zone,Books & Media,1,831.14,0.05,2025-01-01 22:45,NetBanking
TXN-200886,CUST-5638,34.0,Female,49471.98,South Zone,Apparel & Fashion,4,507.86,0.0,2025-01-01 22:46,Credit Card
TXN-200887,CUST-5058,54.0,Female,69687.69,South Zone,Books & Media,6,723.82,0.05,2025-01-01 22:47,NetBanking
TXN-200888,CUST-5660,56.0,Male,56893.58,East Zone,Electronics,4,13.0,0.0,2025-01-01 22:48,Credit Card
TXN-200889,CUST-5476,77.0,Female,66971.29,South Zone,Beauty & Health,7,36.44,0.0,2025-01-01 22:49,UPI Payment
TXN-200890,CUST-5456,69.0,Female,42639.06,South Zone,Apparel & Fashion,3,509.43,0.0,2025-01-01 22:50,Credit Card
TXN-200891,CUST-5829,46.0,Female,46665.05,North Zone,Beauty & Health,5,334.0,0.1,2025-01-01 22:51,Credit Card
TXN-200892,CUST-5895,69.0,Female,36744.9,West Zone,Books & Media,1,756.9,0.0,2025-01-01 22:52,Credit Card
TXN-200893,CUST-5361,53.0,Female,48855.19,South Zone,Home Electronics,7,260.52,0.0,2025-01-01 22:53,Credit Card
TXN-200894,CUST-5935,77.0,Female,14389.8,West Zone,Beauty & Health,2,370.37,0.05,2025-01-01 22:54,Digital Wallet
TXN-200895,CUST-5001,55.0,Female,56318.65,East Zone,Books & Media,3,451.32,0.0,2025-01-01 22:55,Credit Card
TXN-200896,CUST-5387,56.0,Other,52116.55,East Zone,Books & Media,1,236.08,0.1,2025-01-01 22:56,NetBanking
TXN-200897,CUST-5973,67.0,Female,64791.85,South Zone,Books & Media,1,772.72,0.1,2025-01-01 22:57,Digital Wallet
TXN-200898,CUST-5348,80.0,Male,62825.24,East Zone,Home Electronics,7,397.8,0.1,2025-01-01 22:58,Credit Card
TXN-200899,CUST-5190,54.0,Female,85255.98,North Zone,Home Electronics,2,363.7,0.0,2025-01-01 22:59,Credit Card
TXN-200900,CUST-5505,,Male,109994.74,South Zone,Home Electronics,2,723.12,0.0,2025-01-01 23:00,Credit Card
TXN-200901,CUST-5191,80.0,Male,83044.47,South Zone,Apparel & Fashion,4,268.97,0.05,2025-01-01 23:01,Digital Wallet
TXN-200902,CUST-5508,,Female,53617.51,South Zone,Home Electronics,5,695.85,0.0,2025-01-01 23:02,Credit Card
TXN-200903,CUST-5369,81.0,Female,52872.27,East Zone,Home Electronics,7,108.76,0.0,2025-01-01 23:03,Credit Card
TXN-200904,CUST-5409,78.0,Female,78070.27,East Zone,Home Electronics,3,159.86,0.0,2025-01-01 23:04,Credit Card
TXN-200905,CUST-5824,52.0,Male,30858.12,South Zone,Beauty & Health,5,808.49,0.0,2025-01-01 23:05,UPI Payment
TXN-200906,CUST-5929,24.0,Female,56168.75,West Zone,Home Electronics,3,716.95,0.25,2025-01-01 23:06,NetBanking
TXN-200907,CUST-5934,44.0,Male,57594.17,East Zone,Apparel & Fashion,1,333.08,0.1,2025-01-01 23:07,Credit Card
TXN-200908,CUST-5117,45.0,Other,72806.43,East Zone,Books & Media,6,544.68,0.0,2025-01-01 23:08,NetBanking
TXN-200909,CUST-5134,39.0,Other,73356.53,South Zone,Beauty & Health,6,801.84,0.0,2025-01-01 23:09,UPI Payment
TXN-200910,CUST-5058,31.0,Female,48225.63,West Zone,Electronics,7,184.41,0.25,2025-01-01 23:10,UPI Payment
TXN-200911,CUST-5556,24.0,Female,54334.11,South Zone,Home Electronics,2,55.33,0.0,2025-01-01 23:11,Credit Card
TXN-200912,CUST-5685,54.0,Female,70234.43,East Zone,Books & Media,2,459.39,0.1,2025-01-01 23:12,NetBanking
TXN-200913,CUST-5672,78.0,Female,47219.97,South Zone,Books & Media,1,125.92,0.0,2025-01-01 23:13,Digital Wallet
TXN-200914,CUST-5173,39.0,Male,84313.19,South Zone,Beauty & Health,1,163.69,0.1,2025-01-01 23:14,Credit Card
TXN-200915,CUST-5829,22.0,Male,73269.74,South Zone,Electronics,3,758.4,0.05,2025-01-01 23:15,Digital Wallet
TXN-200916,CUST-5815,79.0,Female,65172.93,West Zone,Apparel & Fashion,1,11.75,0.0,2025-01-01 23:16,UPI Payment
TXN-200917,CUST-5149,72.0,Female,69232.4,South Zone,Books & Media,7,695.3,0.0,2025-01-01 23:17,UPI Payment
TXN-200918,CUST-5080,19.0,Male,53362.52,East Zone,Books & Media,3,442.06,0.05,2025-01-01 23:18,NetBanking
TXN-200919,CUST-5886,79.0,Female,50413.61,South Zone,Books & Media,5,477.82,0.25,2025-01-01 23:19,Digital Wallet
TXN-200920,CUST-5213,44.0,Male,54142.64,West Zone,Books & Media,2,572.81,0.0,2025-01-01 23:20,Digital Wallet
TXN-200921,CUST-5203,38.0,Female,71249.38,North Zone,Beauty & Health,2,369.86,0.05,2025-01-01 23:21,Credit Card
TXN-200922,CUST-5764,71.0,Female,65718.78,West Zone,Electronics,6,103.13,0.0,2025-01-01 23:22,NetBanking
TXN-200923,CUST-5229,55.0,Female,,South Zone,Books & Media,6,92.33,0.1,2025-01-01 23:23,NetBanking
TXN-200924,CUST-5676,32.0,Female,75867.26,North Zone,Apparel & Fashion,7,642.56,0.1,2025-01-01 23:24,Digital Wallet
TXN-200925,CUST-5227,38.0,Male,58781.99,South Zone,Apparel & Fashion,2,192.16,0.0,2025-01-01 23:25,UPI Payment
TXN-200926,CUST-5659,27.0,Male,49173.75,West Zone,Home Electronics,7,29.23,0.0,2025-01-01 23:26,NetBanking
TXN-200927,CUST-5532,40.0,Female,66705.32,North Zone,Books & Media,5,832.78,0.0,2025-01-01 23:27,UPI Payment
TXN-200928,CUST-5441,75.0,Female,43258.95,North Zone,Books & Media,5,833.44,0.05,2025-01-01 23:28,Credit Card
TXN-200929,CUST-5402,73.0,Male,30786.36,South Zone,Books & Media,4,324.84,0.0,2025-01-01 23:29,NetBanking
TXN-200930,CUST-5047,56.0,Female,61905.57,South Zone,Books & Media,3,27.05,0.0,2025-01-01 23:30,NetBanking
TXN-200931,CUST-5233,22.0,Male,49837.84,West Zone,Books & Media,6,619.68,0.25,2025-01-01 23:31,Credit Card
TXN-200932,CUST-5305,18.0,Female,57298.14,South Zone,Apparel & Fashion,3,707.29,0.0,2025-01-01 23:32,NetBanking
TXN-200933,CUST-5526,30.0,Female,44115.44,North Zone,Electronics,6,111.07,0.05,2025-01-01 23:33,Digital Wallet
TXN-200934,CUST-5143,38.0,Male,84365.24,East Zone,Electronics,4,119.89,0.0,2025-01-01 23:34,Digital Wallet
TXN-200935,CUST-5415,43.0,Male,49762.38,East Zone,Home Electronics,2,699.87,0.0,2025-01-01 23:35,Credit Card
TXN-200936,CUST-5513,67.0,Female,54008.01,West Zone,Apparel & Fashion,7,784.05,0.0,2025-01-01 23:36,UPI Payment
TXN-200937,CUST-5373,62.0,Female,68990.84,South Zone,Books & Media,3,673.29,0.05,2025-01-01 23:37,UPI Payment
TXN-200938,CUST-5566,38.0,Female,36532.64,West Zone,Electronics,6,175.03,0.0,2025-01-01 23:38,NetBanking
TXN-200939,CUST-5886,70.0,Female,35164.83,East Zone,Beauty & Health,3,353.03,0.1,2025-01-01 23:39,UPI Payment
TXN-200940,CUST-5259,35.0,Female,69047.63,East Zone,Beauty & Health,2,512.91,0.0,2025-01-01 23:40,UPI Payment
TXN-200941,CUST-5656,54.0,Other,53768.47,South Zone,Beauty & Health,7,140.87,0.0,2025-01-01 23:41,Credit Card
TXN-200942,CUST-5471,62.0,Female,45322.34,North Zone,Books & Media,1,183.35,0.25,2025-01-01 23:42,UPI Payment
TXN-200943,CUST-5953,49.0,Female,73162.4,South Zone,Books & Media,6,244.4,0.0,2025-01-01 23:43,UPI Payment
TXN-200944,CUST-5971,53.0,Male,46979.45,East Zone,Home Electronics,1,435.78,0.0,2025-01-01 23:44,UPI Payment
TXN-200945,CUST-5012,34.0,Male,56921.52,North Zone,Home Electronics,4,436.87,0.0,2025-01-01 23:45,Digital Wallet
TXN-200946,CUST-5330,52.0,Female,45421.59,West Zone,Home Electronics,7,693.17,0.1,2025-01-01 23:46,Digital Wallet
TXN-200947,CUST-5736,66.0,Male,67613.59,East Zone,Beauty & Health,5,641.42,0.1,2025-01-01 23:47,Credit Card
TXN-200948,CUST-5784,77.0,Female,86643.41,West Zone,Books & Media,3,777.15,0.0,2025-01-01 23:48,NetBanking
TXN-200949,CUST-5968,28.0,Female,27570.76,North Zone,Beauty & Health,6,708.89,0.0,2025-01-01 23:49,Credit Card
TXN-200950,CUST-5358,80.0,Female,64084.17,West Zone,Home Electronics,3,219.9,0.05,2025-01-01 23:50,NetBanking
TXN-200951,CUST-5972,38.0,Male,77846.89,East Zone,Books & Media,4,285.28,0.25,2025-01-01 23:51,NetBanking
TXN-200952,CUST-5408,69.0,Male,54202.66,South Zone,Apparel & Fashion,4,428.11,0.0,2025-01-01 23:52,UPI Payment
TXN-200953,CUST-5668,81.0,Male,41075.72,West Zone,Electronics,3,17.55,0.1,2025-01-01 23:53,UPI Payment
TXN-200954,CUST-5373,72.0,Male,69787.83,East Zone,Electronics,6,768.85,0.0,2025-01-01 23:54,Credit Card
TXN-200955,CUST-5008,70.0,Male,80530.59,East Zone,Home Electronics,7,42.95,0.0,2025-01-01 23:55,Credit Card
TXN-200956,CUST-5122,43.0,Female,78474.66,North Zone,Beauty & Health,2,277.8,0.0,2025-01-01 23:56,Credit Card
TXN-200957,CUST-5348,79.0,Female,68769.32,East Zone,Apparel & Fashion,7,486.17,0.0,2025-01-01 23:57,Digital Wallet
TXN-200958,CUST-5676,21.0,Female,63811.4,South Zone,Books & Media,2,442.82,0.0,2025-01-01 23:58,Digital Wallet
TXN-200959,CUST-5090,51.0,Female,45368.27,South Zone,Beauty & Health,5,558.19,0.25,2025-01-01 23:59,Digital Wallet
TXN-200960,CUST-5648,69.0,Male,78007.03,West Zone,Home Electronics,7,450.99,0.0,2025-01-02 00:00,Digital Wallet
TXN-200961,CUST-5698,65.0,Female,295000.0,West Zone,Beauty & Health,3,198.89,0.0,2025-01-02 00:01,Digital Wallet
TXN-200962,CUST-5316,77.0,Female,40945.92,West Zone,Home Electronics,3,175.31,0.0,2025-01-02 00:02,UPI Payment
TXN-200963,CUST-5178,35.0,Male,68742.87,West Zone,Electronics,6,771.67,0.1,2025-01-02 00:03,NetBanking
TXN-200964,CUST-5540,57.0,Female,74077.24,South Zone,Electronics,3,228.42,0.25,2025-01-02 00:04,Digital Wallet
TXN-200965,CUST-5732,52.0,Male,78319.1,North Zone,Beauty & Health,6,242.79,0.0,2025-01-02 00:05,Credit Card
TXN-200966,CUST-5869,58.0,Female,60612.69,West Zone,Apparel & Fashion,3,354.24,0.0,2025-01-02 00:06,NetBanking
TXN-200967,CUST-5041,46.0,Other,46135.0,North Zone,Books & Media,4,123.26,0.0,2025-01-02 00:07,Digital Wallet
TXN-200968,CUST-5740,69.0,Male,52710.85,East Zone,Home Electronics,1,433.89,0.0,2025-01-02 00:08,Digital Wallet
TXN-200969,CUST-5704,46.0,Female,43365.88,East Zone,Books & Media,3,567.12,0.0,2025-01-02 00:09,UPI Payment
TXN-200970,CUST-5923,55.0,Female,61055.38,West Zone,Electronics,1,669.28,0.0,2025-01-02 00:10,UPI Payment
TXN-200971,CUST-5502,59.0,Other,57432.62,East Zone,Apparel & Fashion,2,606.32,0.05,2025-01-02 00:11,UPI Payment
TXN-200972,CUST-5959,38.0,Female,101683.17,North Zone,Apparel & Fashion,5,130.18,0.05,2025-01-02 00:12,Digital Wallet
TXN-200973,CUST-5145,59.0,Female,78551.53,North Zone,Books & Media,7,390.65,0.0,2025-01-02 00:13,UPI Payment
TXN-200974,CUST-5201,30.0,Male,79936.64,East Zone,Electronics,7,38.09,0.0,2025-01-02 00:14,Digital Wallet
TXN-200975,CUST-5929,66.0,Male,70720.02,West Zone,Books & Media,2,20.53,0.05,2025-01-02 00:15,NetBanking
TXN-200976,CUST-5724,58.0,Male,55204.62,North Zone,Beauty & Health,3,377.19,0.05,2025-01-02 00:16,NetBanking
TXN-200977,CUST-5461,81.0,Other,56905.29,North Zone,Apparel & Fashion,7,219.13,0.0,2025-01-02 00:17,Digital Wallet
TXN-200978,CUST-5732,34.0,Female,58598.42,South Zone,Apparel & Fashion,6,582.6,0.1,2025-01-02 00:18,Credit Card
TXN-200979,CUST-5752,73.0,Female,65482.32,West Zone,Beauty & Health,2,617.12,0.0,2025-01-02 00:19,Digital Wallet
TXN-200980,CUST-5925,26.0,Female,69199.64,South Zone,Electronics,4,761.67,0.0,2025-01-02 00:20,NetBanking
TXN-200981,CUST-5909,58.0,Male,62013.11,East Zone,Apparel & Fashion,1,647.9,0.0,2025-01-02 00:21,NetBanking
TXN-200982,CUST-5558,18.0,Male,56623.93,East Zone,Home Electronics,6,46.24,0.25,2025-01-02 00:22,Digital Wallet
TXN-200983,CUST-5547,19.0,Male,51008.86,South Zone,Home Electronics,7,319.34,0.0,2025-01-02 00:23,Digital Wallet
TXN-200984,CUST-5253,77.0,Male,36236.0,West Zone,Electronics,6,236.07,0.25,2025-01-02 00:24,Digital Wallet
TXN-200985,CUST-5390,65.0,Male,85742.51,North Zone,Beauty & Health,3,331.59,0.0,2025-01-02 00:25,NetBanking
TXN-200986,CUST-5594,46.0,Female,102802.3,East Zone,Books & Media,4,140.68,0.0,2025-01-02 00:26,Credit Card
TXN-200987,CUST-5883,50.0,Male,84187.73,West Zone,Electronics,1,88.01,0.05,2025-01-02 00:27,Digital Wallet
TXN-200988,CUST-5256,27.0,Male,38707.29,West Zone,Books & Media,4,445.47,0.0,2025-01-02 00:28,NetBanking
TXN-200989,CUST-5709,67.0,Male,76559.81,East Zone,Electronics,2,613.86,0.0,2025-01-02 00:29,Digital Wallet
TXN-200990,CUST-5815,75.0,Male,80939.86,East Zone,Home Electronics,3,598.26,0.0,2025-01-02 00:30,NetBanking
TXN-200991,CUST-5921,81.0,Other,54536.4,West Zone,Beauty & Health,6,386.32,0.1,2025-01-02 00:31,Digital Wallet
TXN-200992,CUST-5450,77.0,Female,71045.15,North Zone,Home Electronics,6,446.56,0.0,2025-01-02 00:32,NetBanking
TXN-200993,CUST-5010,57.0,Other,53558.39,South Zone,Beauty & Health,2,441.54,0.0,2025-01-02 00:33,Digital Wallet
TXN-200994,CUST-5824,38.0,Male,90285.19,East Zone,Books & Media,6,589.53,0.0,2025-01-02 00:34,UPI Payment
TXN-200995,CUST-5798,45.0,Male,68759.36,South Zone,Electronics,5,45.97,0.05,2025-01-02 00:35,Digital Wallet
TXN-200996,CUST-5242,28.0,Female,45032.62,West Zone,Apparel & Fashion,3,605.01,0.0,2025-01-02 00:36,NetBanking
TXN-200997,CUST-5251,72.0,Male,,South Zone,Apparel & Fashion,2,497.17,0.0,2025-01-02 00:37,Digital Wallet
TXN-200998,CUST-5877,51.0,Male,81587.44,North Zone,Beauty & Health,3,172.8,0.0,2025-01-02 00:38,Credit Card
TXN-200999,CUST-5005,25.0,Male,65665.44,West Zone,Beauty & Health,1,46.93,0.05,2025-01-02 00:39,Digital Wallet
TXN-201000,CUST-5119,76.0,Male,70869.67,North Zone,Home Electronics,3,97.15,0.0,2025-01-02 00:40,Digital Wallet
TXN-201001,CUST-5801,39.0,Male,60709.56,West Zone,Apparel & Fashion,3,448.6,0.0,2025-01-02 00:41,Digital Wallet
TXN-201002,CUST-5374,25.0,Male,41015.81,North Zone,Home Electronics,1,645.98,0.05,2025-01-02 00:42,Credit Card
TXN-201003,CUST-5065,66.0,Female,59192.93,West Zone,Books & Media,2,288.12,0.25,2025-01-02 00:43,Credit Card
TXN-201004,CUST-5146,32.0,Male,71676.23,North Zone,Apparel & Fashion,3,325.67,0.1,2025-01-02 00:44,Credit Card
TXN-201005,CUST-5224,34.0,Male,59631.5,West Zone,Books & Media,4,794.39,0.0,2025-01-02 00:45,UPI Payment
TXN-201006,CUST-5239,77.0,Female,76814.16,North Zone,Electronics,3,185.39,0.05,2025-01-02 00:46,Credit Card
TXN-201007,CUST-5177,40.0,Male,54744.64,West Zone,Home Electronics,2,93.12,0.25,2025-01-02 00:47,UPI Payment
TXN-201008,CUST-5779,41.0,Male,55958.07,North Zone,Beauty & Health,6,295.51,0.0,2025-01-02 00:48,Digital Wallet
TXN-201009,CUST-5853,62.0,Female,77375.72,East Zone,Apparel & Fashion,7,635.43,0.0,2025-01-02 00:49,UPI Payment
TXN-201010,CUST-5282,36.0,Male,66104.27,South Zone,Home Electronics,1,534.22,0.0,2025-01-02 00:50,Digital Wallet
TXN-201011,CUST-5063,22.0,Male,54383.15,West Zone,Beauty & Health,6,356.64,0.1,2025-01-02 00:51,UPI Payment
TXN-201012,CUST-5217,49.0,Female,81125.4,North Zone,Electronics,2,820.23,0.0,2025-01-02 00:52,Credit Card
TXN-201013,CUST-5854,61.0,Male,49258.39,East Zone,Apparel & Fashion,5,626.2,0.0,2025-01-02 00:53,Credit Card
TXN-201014,CUST-5827,18.0,Female,48551.44,West Zone,Books & Media,7,57.74,0.0,2025-01-02 00:54,UPI Payment
TXN-201015,CUST-5795,40.0,Female,9655.2,West Zone,Electronics,6,634.34,0.1,2025-01-02 00:55,UPI Payment
TXN-201016,CUST-5689,54.0,Male,51751.58,West Zone,Beauty & Health,3,25.8,0.0,2025-01-02 00:56,Credit Card
TXN-201017,CUST-5461,25.0,Female,86211.26,South Zone,Apparel & Fashion,7,554.7,0.1,2025-01-02 00:57,Digital Wallet
TXN-201018,CUST-5929,30.0,Female,23662.59,North Zone,Apparel & Fashion,3,183.25,0.1,2025-01-02 00:58,Digital Wallet
TXN-201019,CUST-5610,25.0,Male,44389.48,North Zone,Electronics,1,593.65,0.0,2025-01-02 00:59,Digital Wallet
TXN-201020,CUST-5105,74.0,Female,70122.77,West Zone,Apparel & Fashion,3,267.11,0.05,2025-01-02 01:00,Digital Wallet
TXN-201021,CUST-5099,40.0,Male,20469.96,West Zone,Beauty & Health,7,742.75,0.0,2025-01-02 01:01,NetBanking
TXN-201022,CUST-5511,60.0,Female,52552.08,West Zone,Electronics,4,290.02,0.25,2025-01-02 01:02,Digital Wallet
TXN-201023,CUST-5385,18.0,Male,83105.97,East Zone,Books & Media,4,528.83,0.05,2025-01-02 01:03,NetBanking
TXN-201024,CUST-5405,62.0,Male,99795.98,West Zone,Electronics,6,246.97,0.25,2025-01-02 01:04,NetBanking
TXN-201025,CUST-5823,68.0,Male,67369.56,South Zone,Electronics,2,780.09,0.0,2025-01-02 01:05,Credit Card
TXN-201026,CUST-5518,41.0,Female,44860.36,North Zone,Books & Media,1,665.05,0.0,2025-01-02 01:06,Credit Card
TXN-201027,CUST-5476,52.0,Male,44237.62,South Zone,Beauty & Health,5,210.97,0.0,2025-01-02 01:07,UPI Payment
TXN-201028,CUST-5977,41.0,Male,64680.8,West Zone,Home Electronics,6,806.76,0.0,2025-01-02 01:08,Digital Wallet
TXN-201029,CUST-5709,34.0,Male,67197.82,East Zone,Home Electronics,2,307.12,0.1,2025-01-02 01:09,Digital Wallet
TXN-201030,CUST-5863,22.0,Female,96371.68,West Zone,Books & Media,1,556.0,0.0,2025-01-02 01:10,Credit Card
TXN-201031,CUST-5645,37.0,Female,79959.89,West Zone,Beauty & Health,7,632.84,0.0,2025-01-02 01:11,Credit Card
TXN-201032,CUST-5870,38.0,Female,63555.97,West Zone,Apparel & Fashion,1,24.84,0.0,2025-01-02 01:12,Credit Card
TXN-201033,CUST-5771,57.0,Female,55798.67,West Zone,Books & Media,7,815.35,0.0,2025-01-02 01:13,UPI Payment
TXN-201034,CUST-5437,75.0,Female,117772.17,West Zone,Home Electronics,6,296.38,0.0,2025-01-02 01:14,Digital Wallet
TXN-201035,CUST-5023,48.0,Male,73592.0,North Zone,Beauty & Health,2,165.77,0.0,2025-01-02 01:15,UPI Payment
TXN-201036,CUST-5997,63.0,Female,49628.09,South Zone,Electronics,2,723.92,0.1,2025-01-02 01:16,NetBanking
TXN-201037,CUST-5565,53.0,Female,57844.48,East Zone,Beauty & Health,3,599.1,0.0,2025-01-02 01:17,NetBanking
TXN-201038,CUST-5677,28.0,Other,45767.09,West Zone,Beauty & Health,5,78.75,0.05,2025-01-02 01:18,Digital Wallet
TXN-201039,CUST-5714,69.0,Female,17515.83,East Zone,Home Electronics,4,104.34,0.0,2025-01-02 01:19,Credit Card
TXN-201040,CUST-5458,32.0,Male,67784.04,North Zone,Home Electronics,3,609.48,0.05,2025-01-02 01:20,Credit Card
TXN-201041,CUST-5083,36.0,Male,94975.4,South Zone,Apparel & Fashion,1,68.65,0.0,2025-01-02 01:21,UPI Payment
TXN-201042,CUST-5145,24.0,Female,31834.69,West Zone,Apparel & Fashion,5,780.05,0.25,2025-01-02 01:22,NetBanking
TXN-201043,CUST-5085,68.0,Female,63022.36,North Zone,Books & Media,5,631.73,0.05,2025-01-02 01:23,NetBanking
TXN-201044,CUST-5078,45.0,Female,48922.26,North Zone,Electronics,2,288.82,0.0,2025-01-02 01:24,Digital Wallet
TXN-201045,CUST-5457,68.0,Female,71647.8,South Zone,Apparel & Fashion,5,312.0,0.0,2025-01-02 01:25,NetBanking
TXN-201046,CUST-5878,60.0,Female,58811.89,West Zone,Home Electronics,6,433.24,0.0,2025-01-02 01:26,Credit Card
TXN-201047,CUST-5001,75.0,Male,36838.99,South Zone,Beauty & Health,5,310.34,0.1,2025-01-02 01:27,Credit Card
TXN-201048,CUST-5051,22.0,Female,43849.58,South Zone,Books & Media,1,667.14,0.05,2025-01-02 01:28,Credit Card
TXN-201049,CUST-5685,22.0,Male,46639.44,East Zone,Apparel & Fashion,6,828.67,0.0,2025-01-02 01:29,Digital Wallet
TXN-201050,CUST-5717,47.0,Male,86869.89,East Zone,Beauty & Health,6,499.13,0.0,2025-01-02 01:30,UPI Payment
TXN-201051,CUST-5772,71.0,Male,85925.3,South Zone,Beauty & Health,3,382.18,0.1,2025-01-02 01:31,NetBanking
TXN-201052,CUST-5446,49.0,Female,56240.06,East Zone,Apparel & Fashion,5,193.63,0.1,2025-01-02 01:32,Digital Wallet
TXN-201053,CUST-5449,25.0,Male,84714.36,North Zone,Electronics,2,557.32,0.05,2025-01-02 01:33,UPI Payment
TXN-201054,CUST-5881,,Male,58796.1,South Zone,Electronics,7,584.47,0.0,2025-01-02 01:34,Digital Wallet
TXN-201055,CUST-5488,27.0,Other,55956.74,West Zone,Books & Media,3,584.14,0.1,2025-01-02 01:35,NetBanking
TXN-201056,CUST-5800,55.0,Male,63056.68,West Zone,Electronics,2,28.29,0.05,2025-01-02 01:36,Credit Card
TXN-201057,CUST-5034,64.0,Female,,North Zone,Books & Media,5,764.81,0.0,2025-01-02 01:37,UPI Payment
TXN-201058,CUST-5348,49.0,Female,51724.27,West Zone,Home Electronics,3,291.03,0.0,2025-01-02 01:38,UPI Payment
TXN-201059,CUST-5095,65.0,Female,62404.52,West Zone,Apparel & Fashion,5,633.95,0.1,2025-01-02 01:39,Digital Wallet
TXN-201060,CUST-5072,45.0,Female,76565.47,South Zone,Beauty & Health,1,647.16,0.0,2025-01-02 01:40,Digital Wallet
TXN-201061,CUST-5551,34.0,Male,64396.48,North Zone,Books & Media,3,554.89,0.0,2025-01-02 01:41,Credit Card
TXN-201062,CUST-5154,48.0,Female,62791.48,South Zone,Electronics,2,338.96,0.1,2025-01-02 01:42,Digital Wallet
TXN-201063,CUST-5250,25.0,Male,71142.33,North Zone,Books & Media,1,519.28,0.05,2025-01-02 01:43,NetBanking
TXN-201064,CUST-5674,81.0,Female,74334.06,South Zone,Books & Media,4,39.45,0.1,2025-01-02 01:44,NetBanking
TXN-201065,CUST-5438,57.0,Male,60841.61,South Zone,Electronics,2,648.92,0.0,2025-01-02 01:45,NetBanking
TXN-201066,CUST-5118,42.0,Female,53227.65,East Zone,Electronics,7,89.6,0.25,2025-01-02 01:46,NetBanking
TXN-201067,CUST-5771,26.0,Male,65500.26,West Zone,Apparel & Fashion,5,340.56,0.0,2025-01-02 01:47,Credit Card
TXN-201068,CUST-5891,19.0,Male,32511.67,North Zone,Beauty & Health,2,93.01,0.05,2025-01-02 01:48,Credit Card
TXN-201069,CUST-5306,32.0,Male,58109.04,West Zone,Apparel & Fashion,4,712.41,0.0,2025-01-02 01:49,Credit Card
TXN-201070,CUST-5268,67.0,Male,16276.14,East Zone,Apparel & Fashion,2,470.23,0.0,2025-01-02 01:50,Digital Wallet
TXN-201071,CUST-5961,20.0,Female,30997.85,North Zone,Electronics,1,589.01,0.0,2025-01-02 01:51,Credit Card
TXN-201072,CUST-5054,66.0,Male,28215.56,East Zone,Electronics,6,581.94,0.05,2025-01-02 01:52,UPI Payment
TXN-201073,CUST-5236,53.0,Female,81376.01,West Zone,Beauty & Health,2,716.24,0.0,2025-01-02 01:53,UPI Payment
TXN-201074,CUST-5389,79.0,Other,62258.66,South Zone,Books & Media,3,117.45,0.0,2025-01-02 01:54,UPI Payment
TXN-201075,CUST-5990,21.0,Female,38652.09,East Zone,Apparel & Fashion,7,562.64,0.0,2025-01-02 01:55,Digital Wallet
TXN-201076,CUST-5734,31.0,Male,71084.72,East Zone,Beauty & Health,4,491.2,0.0,2025-01-02 01:56,Digital Wallet
TXN-201077,CUST-5763,58.0,Male,80290.11,South Zone,Apparel & Fashion,2,31.59,0.05,2025-01-02 01:57,Credit Card
TXN-201078,CUST-5825,58.0,Female,71406.98,West Zone,Books & Media,4,175.6,0.25,2025-01-02 01:58,NetBanking
TXN-201079,CUST-5401,42.0,Male,58508.86,East Zone,Apparel & Fashion,6,231.46,0.0,2025-01-02 01:59,UPI Payment
TXN-201080,CUST-5624,75.0,Male,66301.0,West Zone,Home Electronics,1,66.77,0.05,2025-01-02 02:00,Digital Wallet
TXN-201081,CUST-5767,72.0,Female,78677.69,South Zone,Beauty & Health,3,305.06,0.25,2025-01-02 02:01,UPI Payment
TXN-201082,CUST-5303,79.0,Female,53318.95,North Zone,Electronics,5,28.47,0.05,2025-01-02 02:02,Credit Card
TXN-201083,CUST-5919,80.0,Female,62552.54,East Zone,Apparel & Fashion,2,472.66,0.05,2025-01-02 02:03,Digital Wallet
TXN-201084,CUST-5207,67.0,Male,57241.93,West Zone,Beauty & Health,1,184.11,0.0,2025-01-02 02:04,NetBanking
TXN-201085,CUST-5229,27.0,Female,32151.81,South Zone,Beauty & Health,4,247.87,0.0,2025-01-02 02:05,NetBanking
TXN-201086,CUST-5853,38.0,Male,78956.51,South Zone,Apparel & Fashion,6,774.39,0.0,2025-01-02 02:06,Digital Wallet
TXN-201087,CUST-5910,53.0,Male,100059.53,East Zone,Electronics,7,430.13,0.0,2025-01-02 02:07,NetBanking
TXN-201088,CUST-5578,29.0,Female,45834.8,North Zone,Electronics,4,232.68,0.1,2025-01-02 02:08,Credit Card
TXN-201089,CUST-5075,44.0,Male,79809.58,East Zone,Apparel & Fashion,7,510.9,0.0,2025-01-02 02:09,NetBanking
TXN-201090,CUST-5435,57.0,Male,46423.12,West Zone,Beauty & Health,6,175.81,0.0,2025-01-02 02:10,UPI Payment
TXN-201091,CUST-5103,19.0,Male,,South Zone,Electronics,7,68.33,0.25,2025-01-02 02:11,UPI Payment
TXN-201092,CUST-5422,71.0,Female,89898.23,North Zone,Apparel & Fashion,6,23.16,0.0,2025-01-02 02:12,UPI Payment
TXN-201093,CUST-5704,30.0,Female,52371.88,West Zone,Apparel & Fashion,1,809.07,0.25,2025-01-02 02:13,Digital Wallet
TXN-201094,CUST-5764,70.0,Female,61728.3,East Zone,Apparel & Fashion,2,617.43,0.05,2025-01-02 02:14,Digital Wallet
TXN-201095,CUST-5738,49.0,Female,28672.19,South Zone,Beauty & Health,5,681.06,0.0,2025-01-02 02:15,Digital Wallet
TXN-201096,CUST-5806,48.0,Male,49712.22,East Zone,Electronics,2,833.89,0.05,2025-01-02 02:16,Digital Wallet
TXN-201097,CUST-5306,33.0,Male,26733.96,North Zone,Beauty & Health,3,792.26,0.05,2025-01-02 02:17,Digital Wallet
TXN-201098,CUST-5098,49.0,Male,69939.8,North Zone,Home Electronics,2,627.82,0.0,2025-01-02 02:18,Credit Card
TXN-201099,CUST-5850,49.0,Male,77385.29,North Zone,Electronics,6,591.57,0.0,2025-01-02 02:19,Digital Wallet
TXN-201100,CUST-5798,77.0,Female,57899.75,North Zone,Beauty & Health,6,289.97,0.0,2025-01-02 02:20,NetBanking
TXN-201101,CUST-5335,51.0,Female,67288.91,North Zone,Electronics,3,93.34,0.05,2025-01-02 02:21,Credit Card
TXN-201102,CUST-5859,28.0,Male,55973.99,East Zone,Home Electronics,4,490.01,0.0,2025-01-02 02:22,Digital Wallet
TXN-201103,CUST-5435,27.0,Male,75700.09,North Zone,Books & Media,6,492.15,0.05,2025-01-02 02:23,NetBanking
TXN-201104,CUST-5447,32.0,Male,64395.05,North Zone,Apparel & Fashion,3,809.66,0.0,2025-01-02 02:24,Credit Card
TXN-201105,CUST-5994,34.0,Male,25265.23,South Zone,Beauty & Health,6,379.25,0.0,2025-01-02 02:25,UPI Payment
TXN-201106,CUST-5308,57.0,Female,79389.65,North Zone,Home Electronics,5,588.89,0.0,2025-01-02 02:26,Credit Card
TXN-201107,CUST-5249,35.0,Female,54793.46,South Zone,Home Electronics,6,491.06,0.0,2025-01-02 02:27,Digital Wallet
TXN-201108,CUST-5166,72.0,Female,38497.98,South Zone,Electronics,1,154.77,0.0,2025-01-02 02:28,Credit Card
TXN-201109,CUST-5481,26.0,Female,53879.72,South Zone,Electronics,3,505.5,0.0,2025-01-02 02:29,Credit Card
TXN-201110,CUST-5984,42.0,Male,26811.71,East Zone,Apparel & Fashion,7,461.63,0.0,2025-01-02 02:30,UPI Payment
TXN-201111,CUST-5335,57.0,Female,38877.05,East Zone,Electronics,2,422.6,0.25,2025-01-02 02:31,Credit Card
TXN-201112,CUST-5542,76.0,Male,64644.57,West Zone,Beauty & Health,3,439.09,0.0,2025-01-02 02:32,Credit Card
TXN-201113,CUST-5759,31.0,Female,66194.17,West Zone,Beauty & Health,4,143.99,0.05,2025-01-02 02:33,UPI Payment
TXN-201114,CUST-5106,77.0,Other,67669.12,South Zone,Beauty & Health,6,4500.0,0.25,2025-01-02 02:34,Digital Wallet
TXN-201115,CUST-5563,75.0,Female,62059.38,East Zone,Books & Media,3,516.97,0.25,2025-01-02 02:35,NetBanking
TXN-201116,CUST-5081,42.0,Male,49182.0,North Zone,Beauty & Health,5,418.84,0.1,2025-01-02 02:36,Credit Card
TXN-201117,CUST-5133,67.0,Female,60992.51,West Zone,Electronics,3,418.2,0.0,2025-01-02 02:37,UPI Payment
TXN-201118,CUST-5797,39.0,Male,53911.66,East Zone,Electronics,5,70.96,0.05,2025-01-02 02:38,Credit Card
TXN-201119,CUST-5900,69.0,Male,31923.04,North Zone,Beauty & Health,6,166.61,0.1,2025-01-02 02:39,Digital Wallet
TXN-201120,CUST-5138,47.0,Male,47710.32,North Zone,Home Electronics,2,276.56,0.1,2025-01-02 02:40,Digital Wallet
TXN-201121,CUST-5184,37.0,Male,78456.51,East Zone,Home Electronics,6,359.64,0.05,2025-01-02 02:41,UPI Payment
TXN-201122,CUST-5401,38.0,Female,91383.44,West Zone,Home Electronics,4,507.08,0.0,2025-01-02 02:42,NetBanking
TXN-201123,CUST-5330,61.0,Female,74048.59,East Zone,Apparel & Fashion,1,734.59,0.25,2025-01-02 02:43,NetBanking
TXN-201124,CUST-5785,49.0,Female,90558.41,West Zone,Books & Media,2,139.91,0.0,2025-01-02 02:44,Credit Card
TXN-201125,CUST-5508,68.0,Female,63579.69,South Zone,Beauty & Health,2,18.24,0.0,2025-01-02 02:45,UPI Payment
TXN-201126,CUST-5852,63.0,Female,94233.96,East Zone,Apparel & Fashion,1,384.88,0.0,2025-01-02 02:46,NetBanking
TXN-201127,CUST-5984,66.0,Male,100008.04,East Zone,Home Electronics,3,370.41,0.0,2025-01-02 02:47,Digital Wallet
TXN-201128,CUST-5069,73.0,Male,,West Zone,Beauty & Health,6,471.58,0.0,2025-01-02 02:48,NetBanking
TXN-201129,CUST-5546,38.0,Female,66097.63,West Zone,Apparel & Fashion,3,709.16,0.0,2025-01-02 02:49,UPI Payment
TXN-201130,CUST-5774,52.0,Male,63598.96,East Zone,Electronics,3,683.09,0.25,2025-01-02 02:50,Digital Wallet
TXN-201131,CUST-5053,75.0,Female,54154.08,North Zone,Home Electronics,6,89.99,0.0,2025-01-02 02:51,Credit Card
TXN-201132,CUST-5450,49.0,Male,71100.44,North Zone,Apparel & Fashion,4,794.26,0.0,2025-01-02 02:52,Digital Wallet
TXN-201133,CUST-5205,47.0,Male,62760.81,North Zone,Electronics,2,98.74,0.1,2025-01-02 02:53,NetBanking
TXN-201134,CUST-5126,72.0,Male,48394.19,South Zone,Home Electronics,5,541.39,0.0,2025-01-02 02:54,NetBanking
TXN-201135,CUST-5747,56.0,Male,61507.81,South Zone,Books & Media,1,573.35,0.0,2025-01-02 02:55,NetBanking
TXN-201136,CUST-5043,66.0,Male,84285.0,West Zone,Home Electronics,2,579.66,0.0,2025-01-02 02:56,Credit Card
TXN-201137,CUST-5752,29.0,Female,65376.95,South Zone,Books & Media,3,229.59,0.0,2025-01-02 02:57,NetBanking
TXN-201138,CUST-5971,58.0,Male,73598.66,North Zone,Books & Media,1,284.48,0.0,2025-01-02 02:58,UPI Payment
TXN-201139,CUST-5883,64.0,Female,56874.52,East Zone,Books & Media,5,468.86,0.05,2025-01-02 02:59,Credit Card
TXN-201140,CUST-5111,,Male,70363.18,South Zone,Beauty & Health,2,174.05,0.25,2025-01-02 03:00,Digital Wallet
TXN-201141,CUST-5761,38.0,Male,39629.53,South Zone,Beauty & Health,2,22.65,0.05,2025-01-02 03:01,NetBanking
TXN-201142,CUST-5663,30.0,Male,52755.17,North Zone,Books & Media,4,480.23,0.0,2025-01-02 03:02,UPI Payment
TXN-201143,CUST-5183,79.0,Female,60100.63,South Zone,Electronics,2,398.43,0.0,2025-01-02 03:03,UPI Payment
TXN-201144,CUST-5848,38.0,Male,38387.79,West Zone,Books & Media,2,560.11,0.0,2025-01-02 03:04,Credit Card
TXN-201145,CUST-5095,79.0,Female,46640.99,East Zone,Apparel & Fashion,5,129.39,0.0,2025-01-02 03:05,UPI Payment
TXN-201146,CUST-5971,25.0,Male,67792.57,North Zone,Books & Media,5,715.66,0.0,2025-01-02 03:06,Credit Card
TXN-201147,CUST-5374,63.0,Female,64401.89,West Zone,Beauty & Health,1,128.98,0.1,2025-01-02 03:07,Credit Card
TXN-201148,CUST-5912,57.0,Male,295000.0,North Zone,Beauty & Health,3,758.24,0.0,2025-01-02 03:08,Credit Card
TXN-201149,CUST-5520,63.0,Female,50890.55,West Zone,Apparel & Fashion,5,385.12,0.0,2025-01-02 03:09,Digital Wallet
TXN-201150,CUST-5900,24.0,Female,63065.64,East Zone,Apparel & Fashion,1,469.81,0.0,2025-01-02 03:10,Digital Wallet
TXN-201151,CUST-5360,40.0,Female,49570.45,East Zone,Home Electronics,2,762.66,0.0,2025-01-02 03:11,UPI Payment
TXN-201152,CUST-5900,61.0,Male,75063.38,West Zone,Electronics,1,258.78,0.05,2025-01-02 03:12,Digital Wallet
TXN-201153,CUST-5696,49.0,Male,84028.8,West Zone,Electronics,1,159.05,0.25,2025-01-02 03:13,Credit Card
TXN-201154,CUST-5281,28.0,Male,70941.51,West Zone,Electronics,1,381.94,0.0,2025-01-02 03:14,Credit Card
TXN-201155,CUST-5195,81.0,Female,295000.0,West Zone,Beauty & Health,6,211.87,0.0,2025-01-02 03:15,Digital Wallet
TXN-201156,CUST-5864,39.0,Female,62601.25,West Zone,Electronics,1,451.26,0.25,2025-01-02 03:16,UPI Payment
TXN-201157,CUST-5195,39.0,Female,76903.49,West Zone,Home Electronics,5,237.96,0.05,2025-01-02 03:17,Credit Card
TXN-201158,CUST-5667,60.0,Male,63395.23,East Zone,Home Electronics,7,735.56,0.25,2025-01-02 03:18,Digital Wallet
TXN-201159,CUST-5093,42.0,Male,43038.83,West Zone,Electronics,7,518.39,0.0,2025-01-02 03:19,NetBanking
TXN-201160,CUST-5672,39.0,Male,66564.35,South Zone,Apparel & Fashion,7,5.7,0.0,2025-01-02 03:20,UPI Payment
TXN-201161,CUST-5946,45.0,Other,43587.01,East Zone,Home Electronics,7,685.72,0.0,2025-01-02 03:21,UPI Payment
TXN-201162,CUST-5061,46.0,Female,105273.89,North Zone,Apparel & Fashion,6,284.36,0.0,2025-01-02 03:22,UPI Payment
TXN-201163,CUST-5634,30.0,Female,55819.37,East Zone,Beauty & Health,3,275.92,0.05,2025-01-02 03:23,NetBanking
TXN-201164,CUST-5051,35.0,Male,73933.2,North Zone,Home Electronics,1,329.0,0.0,2025-01-02 03:24,Credit Card
TXN-201165,CUST-5403,19.0,Female,61770.36,North Zone,Apparel & Fashion,4,537.76,0.0,2025-01-02 03:25,UPI Payment
TXN-201166,CUST-5789,46.0,Female,39178.15,South Zone,Electronics,7,378.82,0.0,2025-01-02 03:26,Digital Wallet
TXN-201167,CUST-5005,38.0,Male,26877.32,West Zone,Beauty & Health,2,536.38,0.1,2025-01-02 03:27,UPI Payment
TXN-201168,CUST-5466,32.0,Female,75856.76,West Zone,Books & Media,7,129.46,0.0,2025-01-02 03:28,Digital Wallet
TXN-201169,CUST-5604,69.0,Female,90662.81,East Zone,Books & Media,7,824.8,0.0,2025-01-02 03:29,UPI Payment
TXN-201170,CUST-5682,44.0,Female,48406.13,West Zone,Electronics,2,621.65,0.05,2025-01-02 03:30,Digital Wallet
TXN-201171,CUST-5829,67.0,Female,31351.19,South Zone,Beauty & Health,6,216.8,0.0,2025-01-02 03:31,Digital Wallet
TXN-201172,CUST-5534,48.0,Male,55984.49,East Zone,Beauty & Health,2,617.06,0.0,2025-01-02 03:32,Digital Wallet
TXN-201173,CUST-5405,32.0,Male,44663.33,East Zone,Beauty & Health,2,491.11,0.0,2025-01-02 03:33,NetBanking
TXN-201174,CUST-5838,68.0,Other,49969.16,East Zone,Beauty & Health,6,97.71,0.1,2025-01-02 03:34,NetBanking
TXN-201175,CUST-5513,40.0,Male,73291.91,West Zone,Books & Media,2,155.99,0.05,2025-01-02 03:35,NetBanking
TXN-201176,CUST-5645,41.0,Female,61066.43,West Zone,Apparel & Fashion,1,40.38,0.05,2025-01-02 03:36,Credit Card
TXN-201177,CUST-5233,61.0,Female,46654.11,West Zone,Beauty & Health,7,688.9,0.25,2025-01-02 03:37,Digital Wallet
TXN-201178,CUST-5524,30.0,Female,72887.26,East Zone,Apparel & Fashion,3,471.41,0.25,2025-01-02 03:38,Credit Card
TXN-201179,CUST-5346,39.0,Other,74337.14,East Zone,Beauty & Health,6,272.99,0.05,2025-01-02 03:39,NetBanking
TXN-201180,CUST-5046,60.0,Male,55764.44,North Zone,Home Electronics,4,112.2,0.0,2025-01-02 03:40,Digital Wallet
TXN-201181,CUST-5546,54.0,Male,64551.46,North Zone,Home Electronics,6,414.28,0.05,2025-01-02 03:41,Credit Card
TXN-201182,CUST-5945,78.0,Male,71629.28,West Zone,Home Electronics,5,449.08,0.0,2025-01-02 03:42,NetBanking
TXN-201183,CUST-5078,50.0,Male,69882.91,East Zone,Beauty & Health,4,598.3,0.25,2025-01-02 03:43,Credit Card
TXN-201184,CUST-5730,73.0,Male,62751.36,West Zone,Apparel & Fashion,5,824.61,0.05,2025-01-02 03:44,Credit Card
TXN-201185,CUST-5813,20.0,Male,88502.84,West Zone,Books & Media,6,372.81,0.0,2025-01-02 03:45,NetBanking
TXN-201186,CUST-5923,80.0,Female,72779.6,North Zone,Electronics,5,348.4,0.0,2025-01-02 03:46,Digital Wallet
TXN-201187,CUST-5073,71.0,Female,53662.44,South Zone,Books & Media,4,317.91,0.0,2025-01-02 03:47,UPI Payment
TXN-201188,CUST-5794,36.0,Male,53773.62,West Zone,Beauty & Health,1,703.84,0.0,2025-01-02 03:48,UPI Payment
TXN-201189,CUST-5249,40.0,Male,51675.4,South Zone,Home Electronics,6,137.51,0.0,2025-01-02 03:49,Credit Card
TXN-201190,CUST-5047,46.0,Female,73694.24,South Zone,Home Electronics,6,295.85,0.0,2025-01-02 03:50,Credit Card
TXN-201191,CUST-5121,47.0,Male,50479.17,East Zone,Apparel & Fashion,2,617.74,0.0,2025-01-02 03:51,Credit Card
TXN-201192,CUST-5214,56.0,Male,54139.37,East Zone,Beauty & Health,6,18.75,0.05,2025-01-02 03:52,Digital Wallet
TXN-201193,CUST-5239,61.0,Male,81573.41,West Zone,Books & Media,7,249.88,0.0,2025-01-02 03:53,Credit Card
TXN-201194,CUST-5056,,Female,65545.19,North Zone,Beauty & Health,7,547.2,0.0,2025-01-02 03:54,Credit Card
TXN-201195,CUST-5350,42.0,Male,84172.85,North Zone,Beauty & Health,6,162.54,0.0,2025-01-02 03:55,Credit Card
TXN-201196,CUST-5107,81.0,Other,76764.11,West Zone,Home Electronics,1,261.14,0.1,2025-01-02 03:56,NetBanking
TXN-201197,CUST-5831,,Male,40231.57,West Zone,Books & Media,2,415.97,0.0,2025-01-02 03:57,UPI Payment
TXN-201198,CUST-5048,64.0,Female,295000.0,North Zone,Electronics,3,361.9,0.0,2025-01-02 03:58,UPI Payment
TXN-201199,CUST-5573,25.0,Male,80314.06,South Zone,Home Electronics,5,95.04,0.05,2025-01-02 03:59,NetBanking
TXN-201200,CUST-5337,59.0,Female,39389.74,West Zone,Books & Media,4,797.84,0.0,2025-01-02 04:00,Digital Wallet
TXN-201201,CUST-5026,75.0,Female,69764.65,South Zone,Apparel & Fashion,3,42.91,0.0,2025-01-02 04:01,Digital Wallet
TXN-201202,CUST-5804,33.0,Female,61274.13,West Zone,Home Electronics,2,638.66,0.0,2025-01-02 04:02,Digital Wallet
TXN-201203,CUST-5257,25.0,Female,29536.41,West Zone,Apparel & Fashion,7,65.82,0.05,2025-01-02 04:03,NetBanking
TXN-201204,CUST-5008,18.0,Female,64213.7,South Zone,Home Electronics,7,400.13,0.05,2025-01-02 04:04,UPI Payment
TXN-201205,CUST-5625,61.0,Female,46506.84,South Zone,Beauty & Health,7,153.63,0.05,2025-01-02 04:05,UPI Payment
TXN-201206,CUST-5867,22.0,Female,40398.44,North Zone,Books & Media,1,124.66,0.0,2025-01-02 04:06,Credit Card
TXN-201207,CUST-5253,20.0,Female,62169.1,West Zone,Apparel & Fashion,7,111.82,0.1,2025-01-02 04:07,UPI Payment
TXN-201208,CUST-5692,18.0,Male,26279.22,East Zone,Home Electronics,4,387.88,0.0,2025-01-02 04:08,Digital Wallet
TXN-201209,CUST-5719,21.0,Male,49525.63,East Zone,Apparel & Fashion,5,440.83,0.0,2025-01-02 04:09,Digital Wallet
TXN-201210,CUST-5303,57.0,Male,109196.72,West Zone,Home Electronics,6,118.14,0.0,2025-01-02 04:10,Credit Card
TXN-201211,CUST-5639,52.0,Female,74029.11,West Zone,Home Electronics,6,832.6,0.05,2025-01-02 04:11,Credit Card
TXN-201212,CUST-5056,49.0,Male,45693.64,West Zone,Electronics,3,223.18,0.0,2025-01-02 04:12,UPI Payment
TXN-201213,CUST-5726,81.0,Male,87977.07,South Zone,Electronics,5,392.99,0.05,2025-01-02 04:13,Credit Card
TXN-201214,CUST-5526,59.0,Female,43647.19,East Zone,Electronics,2,188.14,0.1,2025-01-02 04:14,Credit Card
TXN-201215,CUST-5474,51.0,Female,51756.64,East Zone,Apparel & Fashion,5,422.62,0.0,2025-01-02 04:15,NetBanking
TXN-201216,CUST-5028,60.0,Female,40746.25,East Zone,Beauty & Health,1,643.96,0.0,2025-01-02 04:16,UPI Payment
TXN-201217,CUST-5983,42.0,Male,66737.48,West Zone,Home Electronics,3,445.57,0.0,2025-01-02 04:17,Digital Wallet
TXN-201218,CUST-5078,27.0,Female,87319.65,South Zone,Books & Media,3,246.73,0.0,2025-01-02 04:18,NetBanking
TXN-201219,CUST-5216,38.0,Male,43518.38,West Zone,Electronics,1,215.27,0.0,2025-01-02 04:19,Digital Wallet
TXN-201220,CUST-5386,81.0,Male,23881.8,North Zone,Apparel & Fashion,5,646.42,0.25,2025-01-02 04:20,Credit Card
TXN-201221,CUST-5365,63.0,Male,82182.88,North Zone,Apparel & Fashion,7,105.35,0.0,2025-01-02 04:21,Credit Card
TXN-201222,CUST-5666,56.0,Male,90745.31,East Zone,Apparel & Fashion,1,317.94,0.1,2025-01-02 04:22,Digital Wallet
TXN-201223,CUST-5526,44.0,Male,25091.01,West Zone,Books & Media,7,133.43,0.0,2025-01-02 04:23,NetBanking
TXN-201224,CUST-5699,44.0,Female,70511.01,North Zone,Books & Media,4,223.36,0.1,2025-01-02 04:24,NetBanking
TXN-201225,CUST-5312,19.0,Male,66190.35,North Zone,Electronics,1,134.44,0.1,2025-01-02 04:25,NetBanking
TXN-201226,CUST-5883,58.0,Female,47431.71,West Zone,Books & Media,7,754.38,0.05,2025-01-02 04:26,Credit Card
TXN-201227,CUST-5007,65.0,Female,36204.42,South Zone,Electronics,5,623.59,0.25,2025-01-02 04:27,UPI Payment
TXN-201228,CUST-5003,30.0,Male,80347.38,West Zone,Books & Media,7,479.2,0.0,2025-01-02 04:28,Credit Card
TXN-201229,CUST-5623,26.0,Female,65312.8,West Zone,Books & Media,1,195.03,0.0,2025-01-02 04:29,Digital Wallet
TXN-201230,CUST-5919,69.0,Male,66706.89,South Zone,Books & Media,2,436.39,0.05,2025-01-02 04:30,NetBanking
TXN-201231,CUST-5750,53.0,Female,50497.27,East Zone,Electronics,6,445.34,0.05,2025-01-02 04:31,UPI Payment
TXN-201232,CUST-5363,39.0,Male,47164.68,East Zone,Home Electronics,1,504.1,0.1,2025-01-02 04:32,NetBanking
TXN-201233,CUST-5751,59.0,Male,16582.99,East Zone,Electronics,6,56.24,0.0,2025-01-02 04:33,Credit Card
TXN-201234,CUST-5508,43.0,Male,57781.48,South Zone,Home Electronics,1,827.12,0.0,2025-01-02 04:34,UPI Payment
TXN-201235,CUST-5274,75.0,Female,88618.29,North Zone,Apparel & Fashion,5,398.56,0.0,2025-01-02 04:35,UPI Payment
TXN-201236,CUST-5506,71.0,Female,45530.29,South Zone,Apparel & Fashion,4,787.96,0.1,2025-01-02 04:36,Credit Card
TXN-201237,CUST-5806,29.0,Male,33835.33,West Zone,Electronics,4,13.78,0.25,2025-01-02 04:37,NetBanking
TXN-201238,CUST-5739,34.0,Female,70059.79,South Zone,Home Electronics,6,214.56,0.05,2025-01-02 04:38,NetBanking
TXN-201239,CUST-5883,31.0,Female,73471.48,North Zone,Home Electronics,5,93.32,0.0,2025-01-02 04:39,NetBanking
TXN-201240,CUST-5015,31.0,Female,51160.74,North Zone,Home Electronics,7,655.44,0.05,2025-01-02 04:40,Credit Card
TXN-201241,CUST-5192,74.0,Female,55547.86,West Zone,Apparel & Fashion,5,275.85,0.05,2025-01-02 04:41,Digital Wallet
TXN-201242,CUST-5985,51.0,Female,66882.21,East Zone,Electronics,5,715.3,0.0,2025-01-02 04:42,Digital Wallet
TXN-201243,CUST-5631,70.0,Female,59122.33,North Zone,Beauty & Health,2,708.45,0.05,2025-01-02 04:43,NetBanking
TXN-201244,CUST-5485,74.0,Female,80502.39,North Zone,Home Electronics,3,569.45,0.0,2025-01-02 04:44,UPI Payment
TXN-201245,CUST-5028,37.0,Male,107088.99,North Zone,Home Electronics,1,567.75,0.0,2025-01-02 04:45,Digital Wallet
TXN-201246,CUST-5714,28.0,Male,30380.47,West Zone,Beauty & Health,5,596.78,0.0,2025-01-02 04:46,NetBanking
TXN-201247,CUST-5039,33.0,Male,84750.47,North Zone,Electronics,5,574.49,0.1,2025-01-02 04:47,Digital Wallet
TXN-201248,CUST-5953,68.0,Female,63947.3,East Zone,Home Electronics,5,332.24,0.1,2025-01-02 04:48,NetBanking
TXN-201249,CUST-5273,48.0,Female,87681.72,West Zone,Electronics,4,582.15,0.05,2025-01-02 04:49,Digital Wallet
TXN-201250,CUST-5231,72.0,Male,75400.56,East Zone,Home Electronics,5,763.36,0.05,2025-01-02 04:50,Digital Wallet
TXN-201251,CUST-5086,23.0,Female,63131.39,North Zone,Books & Media,1,286.36,0.0,2025-01-02 04:51,UPI Payment
TXN-201252,CUST-5474,73.0,Female,76060.42,North Zone,Home Electronics,7,803.46,0.05,2025-01-02 04:52,UPI Payment
TXN-201253,CUST-5126,36.0,Male,54708.12,East Zone,Books & Media,7,16.97,0.0,2025-01-02 04:53,Digital Wallet
TXN-201254,CUST-5812,54.0,Other,47675.42,West Zone,Electronics,5,300.3,0.1,2025-01-02 04:54,NetBanking
TXN-201255,CUST-5537,75.0,Male,77000.97,West Zone,Home Electronics,1,117.06,0.0,2025-01-02 04:55,UPI Payment
TXN-201256,CUST-5145,21.0,Male,46379.92,East Zone,Apparel & Fashion,2,112.43,0.05,2025-01-02 04:56,Credit Card
TXN-201257,CUST-5525,64.0,Female,73883.89,North Zone,Apparel & Fashion,7,694.13,0.05,2025-01-02 04:57,UPI Payment
TXN-201258,CUST-5212,78.0,Female,62568.83,South Zone,Beauty & Health,3,781.06,0.05,2025-01-02 04:58,Digital Wallet
TXN-201259,CUST-5025,21.0,Male,18905.33,East Zone,Apparel & Fashion,4,662.32,0.1,2025-01-02 04:59,Digital Wallet
TXN-201260,CUST-5580,37.0,Female,51373.92,East Zone,Books & Media,1,830.25,0.0,2025-01-02 05:00,Credit Card
TXN-201261,CUST-5394,27.0,Female,68194.51,East Zone,Apparel & Fashion,7,188.19,0.1,2025-01-02 05:01,UPI Payment
TXN-201262,CUST-5067,41.0,Male,54488.99,North Zone,Apparel & Fashion,7,124.41,0.0,2025-01-02 05:02,Digital Wallet
TXN-201263,CUST-5233,71.0,Male,14885.46,West Zone,Apparel & Fashion,6,445.23,0.25,2025-01-02 05:03,Credit Card
TXN-201264,CUST-5109,52.0,Female,86433.88,North Zone,Home Electronics,2,705.62,0.1,2025-01-02 05:04,Credit Card
TXN-201265,CUST-5146,43.0,Male,65133.44,East Zone,Beauty & Health,3,39.14,0.0,2025-01-02 05:05,NetBanking
TXN-201266,CUST-5111,54.0,Female,70209.18,North Zone,Electronics,3,846.26,0.1,2025-01-02 05:06,UPI Payment
TXN-201267,CUST-5228,55.0,Female,53244.39,North Zone,Beauty & Health,3,514.1,0.05,2025-01-02 05:07,UPI Payment
TXN-201268,CUST-5111,38.0,Other,71832.56,East Zone,Books & Media,1,832.22,0.25,2025-01-02 05:08,UPI Payment
TXN-201269,CUST-5470,71.0,Male,95944.17,North Zone,Home Electronics,2,313.81,0.05,2025-01-02 05:09,Digital Wallet
TXN-201270,CUST-5034,57.0,Other,48401.15,South Zone,Home Electronics,5,392.3,0.0,2025-01-02 05:10,Credit Card
TXN-201271,CUST-5623,56.0,Male,92839.74,North Zone,Apparel & Fashion,6,640.87,0.0,2025-01-02 05:11,NetBanking
TXN-201272,CUST-5776,38.0,Male,69373.44,North Zone,Apparel & Fashion,2,674.94,0.0,2025-01-02 05:12,UPI Payment
TXN-201273,CUST-5936,27.0,Male,45915.49,West Zone,Books & Media,2,202.3,0.1,2025-01-02 05:13,NetBanking
TXN-201274,CUST-5369,55.0,Male,102929.23,West Zone,Home Electronics,7,790.72,0.05,2025-01-02 05:14,NetBanking
TXN-201275,CUST-5748,63.0,Female,69245.34,East Zone,Electronics,2,738.04,0.0,2025-01-02 05:15,Credit Card
TXN-201276,CUST-5595,21.0,Male,74514.86,East Zone,Beauty & Health,1,4500.0,0.05,2025-01-02 05:16,UPI Payment
TXN-201277,CUST-5554,77.0,Male,57016.99,West Zone,Home Electronics,6,114.08,0.05,2025-01-02 05:17,NetBanking
TXN-201278,CUST-5425,74.0,Female,47267.96,South Zone,Electronics,1,424.45,0.0,2025-01-02 05:18,UPI Payment
TXN-201279,CUST-5613,62.0,Male,65104.55,North Zone,Electronics,6,394.78,0.0,2025-01-02 05:19,UPI Payment
TXN-201280,CUST-5518,37.0,Female,91257.08,South Zone,Beauty & Health,6,603.74,0.0,2025-01-02 05:20,UPI Payment
TXN-201281,CUST-5692,34.0,Male,56271.29,South Zone,Electronics,7,81.26,0.0,2025-01-02 05:21,NetBanking
TXN-201282,CUST-5282,72.0,Female,61505.1,West Zone,Books & Media,1,550.08,0.0,2025-01-02 05:22,Credit Card
TXN-201283,CUST-5320,24.0,Female,88942.08,East Zone,Electronics,6,526.02,0.0,2025-01-02 05:23,Credit Card
TXN-201284,CUST-5738,21.0,Female,56443.95,North Zone,Books & Media,2,202.79,0.1,2025-01-02 05:24,NetBanking
TXN-201285,CUST-5443,46.0,Male,71440.11,East Zone,Electronics,1,463.55,0.0,2025-01-02 05:25,Digital Wallet
TXN-201286,CUST-5952,31.0,Male,78230.98,South Zone,Apparel & Fashion,6,193.15,0.0,2025-01-02 05:26,UPI Payment
TXN-201287,CUST-5315,20.0,Female,58359.55,South Zone,Electronics,3,129.58,0.0,2025-01-02 05:27,UPI Payment
TXN-201288,CUST-5877,41.0,Male,67732.0,East Zone,Books & Media,1,489.51,0.0,2025-01-02 05:28,Credit Card
TXN-201289,CUST-5966,54.0,Male,,East Zone,Electronics,7,830.98,0.0,2025-01-02 05:29,NetBanking
TXN-201290,CUST-5741,33.0,Male,54583.07,West Zone,Electronics,4,205.59,0.0,2025-01-02 05:30,NetBanking
TXN-201291,CUST-5377,75.0,Female,77091.66,East Zone,Electronics,1,305.58,0.05,2025-01-02 05:31,Digital Wallet
TXN-201292,CUST-5289,72.0,Female,51880.76,East Zone,Books & Media,1,222.18,0.05,2025-01-02 05:32,Digital Wallet
TXN-201293,CUST-5437,69.0,Female,49510.88,West Zone,Electronics,1,230.53,0.0,2025-01-02 05:33,Credit Card
TXN-201294,CUST-5662,21.0,Male,33749.74,East Zone,Beauty & Health,6,346.84,0.05,2025-01-02 05:34,Digital Wallet
TXN-201295,CUST-5277,73.0,Male,52685.95,South Zone,Beauty & Health,1,598.22,0.0,2025-01-02 05:35,Digital Wallet
TXN-201296,CUST-5710,79.0,Female,46913.2,East Zone,Books & Media,4,38.27,0.0,2025-01-02 05:36,NetBanking
TXN-201297,CUST-5582,41.0,Female,54583.83,North Zone,Apparel & Fashion,5,813.79,0.05,2025-01-02 05:37,NetBanking
TXN-201298,CUST-5503,51.0,Male,73321.86,South Zone,Beauty & Health,1,44.58,0.1,2025-01-02 05:38,Digital Wallet
TXN-201299,CUST-5624,47.0,Male,30075.03,West Zone,Home Electronics,3,749.72,0.05,2025-01-02 05:39,Credit Card
TXN-201300,CUST-5516,35.0,Male,25468.59,South Zone,Beauty & Health,4,760.8,0.0,2025-01-02 05:40,Digital Wallet
TXN-201301,CUST-5350,36.0,Female,48142.03,West Zone,Home Electronics,5,448.43,0.25,2025-01-02 05:41,Credit Card
TXN-201302,CUST-5843,48.0,Male,70532.76,North Zone,Books & Media,6,121.19,0.0,2025-01-02 05:42,Digital Wallet
TXN-201303,CUST-5446,77.0,Female,67344.0,North Zone,Apparel & Fashion,1,482.77,0.0,2025-01-02 05:43,NetBanking
TXN-201304,CUST-5830,77.0,Female,47846.35,South Zone,Home Electronics,5,536.38,0.0,2025-01-02 05:44,NetBanking
TXN-201305,CUST-5350,36.0,Female,83634.05,East Zone,Home Electronics,3,729.88,0.05,2025-01-02 05:45,Credit Card
TXN-201306,CUST-5607,66.0,Male,49819.42,South Zone,Beauty & Health,4,470.73,0.1,2025-01-02 05:46,Digital Wallet
TXN-201307,CUST-5664,80.0,Female,70555.4,South Zone,Home Electronics,4,352.34,0.0,2025-01-02 05:47,Digital Wallet
TXN-201308,CUST-5823,63.0,Male,55288.45,North Zone,Books & Media,6,713.44,0.0,2025-01-02 05:48,Credit Card
TXN-201309,CUST-5137,36.0,Male,45927.64,West Zone,Books & Media,6,833.91,0.05,2025-01-02 05:49,Digital Wallet
TXN-201310,CUST-5759,39.0,Female,50806.26,South Zone,Books & Media,6,550.29,0.25,2025-01-02 05:50,UPI Payment
TXN-201311,CUST-5899,41.0,Other,75579.01,East Zone,Beauty & Health,5,743.92,0.0,2025-01-02 05:51,NetBanking
TXN-201312,CUST-5243,62.0,Female,68678.97,North Zone,Apparel & Fashion,1,511.13,0.1,2025-01-02 05:52,NetBanking
TXN-201313,CUST-5543,29.0,Female,79909.9,South Zone,Beauty & Health,2,588.03,0.0,2025-01-02 05:53,Credit Card
TXN-201314,CUST-5040,47.0,Male,68678.24,South Zone,Books & Media,4,586.66,0.1,2025-01-02 05:54,Digital Wallet
TXN-201315,CUST-5229,75.0,Male,295000.0,East Zone,Beauty & Health,2,600.69,0.0,2025-01-02 05:55,Credit Card
TXN-201316,CUST-5548,55.0,Male,101116.67,South Zone,Books & Media,7,276.6,0.0,2025-01-02 05:56,UPI Payment
TXN-201317,CUST-5920,70.0,Female,68940.63,South Zone,Electronics,4,491.65,0.05,2025-01-02 05:57,Digital Wallet
TXN-201318,CUST-5223,48.0,Female,71521.42,South Zone,Electronics,6,507.25,0.25,2025-01-02 05:58,UPI Payment
TXN-201319,CUST-5006,53.0,Female,55028.5,South Zone,Home Electronics,1,271.58,0.0,2025-01-02 05:59,Credit Card
TXN-201320,CUST-5322,81.0,Male,82593.8,East Zone,Apparel & Fashion,1,300.95,0.0,2025-01-02 06:00,NetBanking
TXN-201321,CUST-5468,36.0,Male,41777.51,South Zone,Electronics,4,649.22,0.0,2025-01-02 06:01,UPI Payment
TXN-201322,CUST-5732,65.0,Female,73281.84,South Zone,Books & Media,5,497.61,0.0,2025-01-02 06:02,Digital Wallet
TXN-201323,CUST-5075,62.0,Male,23526.78,South Zone,Beauty & Health,7,131.51,0.1,2025-01-02 06:03,Credit Card
TXN-201324,CUST-5004,53.0,Female,74528.36,North Zone,Beauty & Health,6,712.88,0.0,2025-01-02 06:04,Credit Card
TXN-201325,CUST-5847,47.0,Female,42028.32,East Zone,Home Electronics,1,751.29,0.1,2025-01-02 06:05,Credit Card
TXN-201326,CUST-5646,72.0,Female,67124.4,North Zone,Beauty & Health,7,399.16,0.0,2025-01-02 06:06,NetBanking
TXN-201327,CUST-5118,66.0,Male,87110.8,North Zone,Electronics,7,181.92,0.25,2025-01-02 06:07,Credit Card
TXN-201328,CUST-5881,,Male,295000.0,East Zone,Beauty & Health,1,805.75,0.0,2025-01-02 06:08,Credit Card
TXN-201329,CUST-5606,50.0,Male,84651.06,North Zone,Electronics,3,750.58,0.0,2025-01-02 06:09,NetBanking
TXN-201330,CUST-5504,35.0,Male,82735.7,North Zone,Electronics,7,211.88,0.0,2025-01-02 06:10,Credit Card
TXN-201331,CUST-5998,80.0,Male,52300.77,North Zone,Apparel & Fashion,1,86.23,0.1,2025-01-02 06:11,Credit Card
TXN-201332,CUST-5947,69.0,Female,73069.11,East Zone,Home Electronics,3,377.63,0.0,2025-01-02 06:12,UPI Payment
TXN-201333,CUST-5574,66.0,Female,30089.04,South Zone,Books & Media,1,576.72,0.0,2025-01-02 06:13,Credit Card
TXN-201334,CUST-5441,76.0,Male,49291.68,West Zone,Electronics,1,153.62,0.1,2025-01-02 06:14,NetBanking
TXN-201335,CUST-5194,45.0,Male,87764.12,West Zone,Home Electronics,7,438.91,0.1,2025-01-02 06:15,UPI Payment
TXN-201336,CUST-5847,76.0,Male,54876.82,East Zone,Books & Media,5,364.76,0.1,2025-01-02 06:16,Credit Card
TXN-201337,CUST-5715,64.0,Male,27441.97,West Zone,Beauty & Health,5,757.57,0.0,2025-01-02 06:17,NetBanking
TXN-201338,CUST-5392,28.0,Female,99253.43,East Zone,Home Electronics,6,368.27,0.0,2025-01-02 06:18,Digital Wallet
TXN-201339,CUST-5026,74.0,Male,72401.63,East Zone,Home Electronics,1,456.27,0.05,2025-01-02 06:19,Credit Card
TXN-201340,CUST-5435,77.0,Male,76142.85,West Zone,Home Electronics,6,812.24,0.0,2025-01-02 06:20,Digital Wallet
TXN-201341,CUST-5173,71.0,Male,43861.31,North Zone,Beauty & Health,6,258.59,0.0,2025-01-02 06:21,UPI Payment
TXN-201342,CUST-5300,62.0,Female,67255.05,South Zone,Beauty & Health,6,249.55,0.0,2025-01-02 06:22,NetBanking
TXN-201343,CUST-5645,50.0,Female,66765.14,West Zone,Home Electronics,6,680.76,0.25,2025-01-02 06:23,UPI Payment
TXN-201344,CUST-5326,34.0,Male,46802.53,West Zone,Apparel & Fashion,4,239.88,0.0,2025-01-02 06:24,Digital Wallet
TXN-201345,CUST-5410,23.0,Female,58858.34,West Zone,Electronics,7,708.01,0.05,2025-01-02 06:25,Digital Wallet
TXN-201346,CUST-5118,21.0,Female,34241.35,West Zone,Beauty & Health,7,86.18,0.0,2025-01-02 06:26,Digital Wallet
TXN-201347,CUST-5836,37.0,Other,55585.87,East Zone,Apparel & Fashion,4,99.46,0.05,2025-01-02 06:27,NetBanking
TXN-201348,CUST-5787,65.0,Male,80016.16,East Zone,Beauty & Health,1,766.67,0.05,2025-01-02 06:28,Digital Wallet
TXN-201349,CUST-5724,64.0,Female,48183.31,South Zone,Home Electronics,4,462.22,0.0,2025-01-02 06:29,Digital Wallet
TXN-201350,CUST-5225,44.0,Female,97285.01,South Zone,Apparel & Fashion,1,612.54,0.0,2025-01-02 06:30,NetBanking
TXN-201351,CUST-5532,32.0,Female,35432.31,West Zone,Books & Media,5,195.76,0.1,2025-01-02 06:31,Digital Wallet
TXN-201352,CUST-5113,23.0,Female,57186.76,West Zone,Electronics,7,145.92,0.0,2025-01-02 06:32,Credit Card
TXN-201353,CUST-5140,64.0,Female,49856.05,West Zone,Electronics,2,710.62,0.1,2025-01-02 06:33,Digital Wallet
TXN-201354,CUST-5559,31.0,Male,58666.65,South Zone,Beauty & Health,3,308.36,0.05,2025-01-02 06:34,NetBanking
TXN-201355,CUST-5001,77.0,Female,87372.28,West Zone,Electronics,7,389.78,0.05,2025-01-02 06:35,Digital Wallet
TXN-201356,CUST-5090,28.0,Female,43787.57,North Zone,Books & Media,4,29.12,0.0,2025-01-02 06:36,NetBanking
TXN-201357,CUST-5654,56.0,Female,53651.5,South Zone,Apparel & Fashion,4,331.38,0.0,2025-01-02 06:37,Digital Wallet
TXN-201358,CUST-5320,26.0,Male,74108.36,North Zone,Apparel & Fashion,5,656.13,0.05,2025-01-02 06:38,Credit Card
TXN-201359,CUST-5550,43.0,Female,295000.0,West Zone,Home Electronics,4,699.07,0.0,2025-01-02 06:39,NetBanking
TXN-201360,CUST-5805,,Female,65240.74,East Zone,Apparel & Fashion,1,595.6,0.25,2025-01-02 06:40,NetBanking
TXN-201361,CUST-5894,22.0,Male,44142.39,North Zone,Beauty & Health,1,590.05,0.25,2025-01-02 06:41,NetBanking
TXN-201362,CUST-5139,74.0,Female,60675.71,South Zone,Books & Media,2,433.02,0.0,2025-01-02 06:42,NetBanking
TXN-201363,CUST-5511,69.0,Female,82934.2,North Zone,Home Electronics,2,460.12,0.0,2025-01-02 06:43,Digital Wallet
TXN-201364,CUST-5868,78.0,Female,32223.86,South Zone,Beauty & Health,7,632.65,0.0,2025-01-02 06:44,Digital Wallet
TXN-201365,CUST-5845,27.0,Male,49099.78,West Zone,Beauty & Health,2,214.35,0.25,2025-01-02 06:45,Credit Card
TXN-201366,CUST-5259,67.0,Male,28412.48,North Zone,Beauty & Health,1,201.02,0.0,2025-01-02 06:46,Credit Card
TXN-201367,CUST-5673,20.0,Female,71934.05,East Zone,Electronics,6,4500.0,0.0,2025-01-02 06:47,Digital Wallet
TXN-201368,CUST-5902,30.0,Male,84671.21,North Zone,Beauty & Health,6,28.88,0.05,2025-01-02 06:48,UPI Payment
TXN-201369,CUST-5690,60.0,Female,58606.92,East Zone,Electronics,2,123.28,0.0,2025-01-02 06:49,NetBanking
TXN-201370,CUST-5010,66.0,Female,43397.88,South Zone,Apparel & Fashion,2,487.15,0.0,2025-01-02 06:50,Digital Wallet
TXN-201371,CUST-5261,47.0,Female,43939.44,West Zone,Electronics,1,628.6,0.0,2025-01-02 06:51,Credit Card
TXN-201372,CUST-5919,79.0,Male,56504.44,West Zone,Beauty & Health,5,459.75,0.05,2025-01-02 06:52,NetBanking
TXN-201373,CUST-5650,71.0,Female,56433.87,East Zone,Books & Media,7,305.35,0.0,2025-01-02 06:53,Credit Card
TXN-201374,CUST-5172,62.0,Male,78868.89,South Zone,Books & Media,4,831.4,0.0,2025-01-02 06:54,UPI Payment
TXN-201375,CUST-5898,23.0,Male,49625.79,West Zone,Apparel & Fashion,7,599.9,0.1,2025-01-02 06:55,NetBanking
TXN-201376,CUST-5013,34.0,Male,70048.95,South Zone,Beauty & Health,3,707.61,0.0,2025-01-02 06:56,UPI Payment
TXN-201377,CUST-5168,76.0,Male,56348.8,East Zone,Electronics,6,39.49,0.05,2025-01-02 06:57,UPI Payment
TXN-201378,CUST-5642,62.0,Other,48222.0,East Zone,Books & Media,6,204.73,0.0,2025-01-02 06:58,UPI Payment
TXN-201379,CUST-5596,68.0,Other,55888.04,North Zone,Home Electronics,1,321.49,0.0,2025-01-02 06:59,Digital Wallet
TXN-201380,CUST-5321,70.0,Male,68225.96,West Zone,Beauty & Health,7,159.71,0.0,2025-01-02 07:00,Credit Card
TXN-201381,CUST-5319,36.0,Female,78926.27,West Zone,Beauty & Health,1,67.06,0.05,2025-01-02 07:01,NetBanking
TXN-201382,CUST-5613,59.0,Male,57338.5,North Zone,Home Electronics,3,195.59,0.0,2025-01-02 07:02,Digital Wallet
TXN-201383,CUST-5329,52.0,Female,39727.14,East Zone,Books & Media,7,456.16,0.0,2025-01-02 07:03,Credit Card
TXN-201384,CUST-5785,63.0,Female,80494.72,East Zone,Home Electronics,3,593.06,0.0,2025-01-02 07:04,Digital Wallet
TXN-201385,CUST-5777,43.0,Female,45383.87,East Zone,Apparel & Fashion,2,659.16,0.0,2025-01-02 07:05,Credit Card
TXN-201386,CUST-5971,68.0,Male,66825.23,East Zone,Electronics,7,41.76,0.0,2025-01-02 07:06,NetBanking
TXN-201387,CUST-5911,22.0,Female,61540.6,South Zone,Electronics,3,366.93,0.05,2025-01-02 07:07,NetBanking
TXN-201388,CUST-5920,46.0,Male,59066.45,West Zone,Books & Media,4,108.71,0.0,2025-01-02 07:08,NetBanking
TXN-201389,CUST-5550,81.0,Other,52990.94,West Zone,Home Electronics,4,369.65,0.05,2025-01-02 07:09,NetBanking
TXN-201390,CUST-5419,54.0,Male,73472.75,East Zone,Beauty & Health,6,371.99,0.0,2025-01-02 07:10,Credit Card
TXN-201391,CUST-5606,37.0,Female,,East Zone,Beauty & Health,4,426.24,0.0,2025-01-02 07:11,Digital Wallet
TXN-201392,CUST-5095,66.0,Female,83024.7,East Zone,Beauty & Health,7,759.5,0.1,2025-01-02 07:12,NetBanking
TXN-201393,CUST-5817,38.0,Female,45118.61,West Zone,Apparel & Fashion,4,685.4,0.0,2025-01-02 07:13,NetBanking
TXN-201394,CUST-5581,27.0,Male,69547.2,West Zone,Apparel & Fashion,4,543.21,0.0,2025-01-02 07:14,NetBanking
TXN-201395,CUST-5318,81.0,Female,68567.97,East Zone,Beauty & Health,2,4500.0,0.05,2025-01-02 07:15,UPI Payment
TXN-201396,CUST-5956,22.0,Male,85587.08,South Zone,Books & Media,6,578.47,0.25,2025-01-02 07:16,NetBanking
TXN-201397,CUST-5236,53.0,Female,65658.36,North Zone,Apparel & Fashion,1,697.02,0.0,2025-01-02 07:17,NetBanking
TXN-201398,CUST-5946,23.0,Male,46661.48,North Zone,Apparel & Fashion,6,481.61,0.1,2025-01-02 07:18,Credit Card
TXN-201399,CUST-5334,43.0,Male,32312.03,North Zone,Electronics,6,449.05,0.1,2025-01-02 07:19,UPI Payment
TXN-201400,CUST-5885,21.0,Female,55547.14,West Zone,Electronics,6,617.0,0.0,2025-01-02 07:20,Credit Card
TXN-201401,CUST-5376,79.0,Male,25773.75,West Zone,Books & Media,3,22.13,0.05,2025-01-02 07:21,Digital Wallet
TXN-201402,CUST-5459,56.0,Male,50373.01,North Zone,Apparel & Fashion,1,588.52,0.0,2025-01-02 07:22,UPI Payment
TXN-201403,CUST-5137,56.0,Male,56586.33,North Zone,Apparel & Fashion,3,794.7,0.0,2025-01-02 07:23,Credit Card
TXN-201404,CUST-5930,67.0,Male,49236.55,South Zone,Home Electronics,2,608.42,0.0,2025-01-02 07:24,Credit Card
TXN-201405,CUST-5588,52.0,Female,62772.81,West Zone,Books & Media,2,36.57,0.05,2025-01-02 07:25,Digital Wallet
TXN-201406,CUST-5995,18.0,Female,57632.08,West Zone,Books & Media,5,324.62,0.0,2025-01-02 07:26,Digital Wallet
TXN-201407,CUST-5547,41.0,Male,55937.8,North Zone,Home Electronics,5,689.19,0.0,2025-01-02 07:27,NetBanking
TXN-201408,CUST-5513,74.0,Male,17153.21,South Zone,Home Electronics,2,815.04,0.1,2025-01-02 07:28,NetBanking
TXN-201409,CUST-5296,53.0,Male,38047.95,South Zone,Electronics,2,318.1,0.05,2025-01-02 07:29,UPI Payment
TXN-201410,CUST-5320,23.0,Male,73889.15,North Zone,Books & Media,3,715.89,0.25,2025-01-02 07:30,UPI Payment
TXN-201411,CUST-5918,58.0,Female,76878.74,North Zone,Books & Media,2,734.99,0.0,2025-01-02 07:31,Digital Wallet
TXN-201412,CUST-5572,71.0,Female,27982.63,West Zone,Home Electronics,7,109.62,0.0,2025-01-02 07:32,UPI Payment
TXN-201413,CUST-5832,63.0,Male,46927.71,North Zone,Beauty & Health,1,719.77,0.0,2025-01-02 07:33,NetBanking
TXN-201414,CUST-5349,77.0,Male,81831.36,East Zone,Beauty & Health,3,279.33,0.1,2025-01-02 07:34,Digital Wallet
TXN-201415,CUST-5840,61.0,Male,48716.28,South Zone,Electronics,2,506.49,0.0,2025-01-02 07:35,Credit Card
TXN-201416,CUST-5779,77.0,Female,59937.42,North Zone,Beauty & Health,3,460.65,0.25,2025-01-02 07:36,Digital Wallet
TXN-201417,CUST-5873,74.0,Other,88673.4,East Zone,Beauty & Health,3,565.45,0.0,2025-01-02 07:37,UPI Payment
TXN-201418,CUST-5229,48.0,Male,55310.82,South Zone,Beauty & Health,4,630.82,0.1,2025-01-02 07:38,NetBanking
TXN-201419,CUST-5270,37.0,Male,52662.69,East Zone,Apparel & Fashion,5,377.82,0.1,2025-01-02 07:39,NetBanking
TXN-201420,CUST-5828,41.0,Female,59094.82,East Zone,Electronics,3,755.68,0.1,2025-01-02 07:40,Credit Card
TXN-201421,CUST-5798,42.0,Female,96288.1,North Zone,Home Electronics,6,689.12,0.0,2025-01-02 07:41,Credit Card
TXN-201422,CUST-5291,53.0,Male,70254.73,South Zone,Beauty & Health,7,4500.0,0.05,2025-01-02 07:42,Digital Wallet
TXN-201423,CUST-5725,38.0,Male,62353.01,East Zone,Apparel & Fashion,7,392.49,0.0,2025-01-02 07:43,NetBanking
TXN-201424,CUST-5165,47.0,Male,52299.34,West Zone,Beauty & Health,3,37.23,0.0,2025-01-02 07:44,Credit Card
TXN-201425,CUST-5005,41.0,Female,71968.11,South Zone,Apparel & Fashion,6,421.21,0.0,2025-01-02 07:45,Credit Card
TXN-201426,CUST-5851,61.0,Male,74204.45,West Zone,Electronics,7,764.24,0.05,2025-01-02 07:46,Digital Wallet
TXN-201427,CUST-5379,59.0,Male,42146.2,North Zone,Beauty & Health,4,166.34,0.0,2025-01-02 07:47,Digital Wallet
TXN-201428,CUST-5078,47.0,Female,74702.62,West Zone,Apparel & Fashion,2,835.3,0.25,2025-01-02 07:48,NetBanking
TXN-201429,CUST-5410,39.0,Male,59203.68,South Zone,Books & Media,3,687.59,0.0,2025-01-02 07:49,UPI Payment
TXN-201430,CUST-5574,45.0,Female,62458.77,East Zone,Books & Media,4,604.95,0.0,2025-01-02 07:50,UPI Payment
TXN-201431,CUST-5132,24.0,Male,45640.65,East Zone,Apparel & Fashion,1,577.36,0.0,2025-01-02 07:51,NetBanking
TXN-201432,CUST-5601,52.0,Male,54600.33,South Zone,Beauty & Health,4,501.24,0.1,2025-01-02 07:52,UPI Payment
TXN-201433,CUST-5749,72.0,Female,42942.37,East Zone,Beauty & Health,5,614.11,0.0,2025-01-02 07:53,NetBanking
TXN-201434,CUST-5042,45.0,Male,42052.96,West Zone,Electronics,5,361.8,0.1,2025-01-02 07:54,NetBanking
TXN-201435,CUST-5089,31.0,Other,68976.17,East Zone,Electronics,2,719.35,0.0,2025-01-02 07:55,Credit Card
TXN-201436,CUST-5402,73.0,Female,55430.34,East Zone,Home Electronics,6,593.56,0.25,2025-01-02 07:56,UPI Payment
TXN-201437,CUST-5296,27.0,Male,37956.7,West Zone,Electronics,2,656.82,0.0,2025-01-02 07:57,NetBanking
TXN-201438,CUST-5840,33.0,Female,102275.47,West Zone,Beauty & Health,7,674.76,0.0,2025-01-02 07:58,UPI Payment
TXN-201439,CUST-5295,33.0,Male,41193.88,West Zone,Home Electronics,6,83.25,0.05,2025-01-02 07:59,UPI Payment
TXN-201440,CUST-5616,71.0,Female,82203.9,North Zone,Electronics,6,52.49,0.1,2025-01-02 08:00,Digital Wallet
TXN-201441,CUST-5526,48.0,Male,34685.42,West Zone,Apparel & Fashion,6,681.93,0.0,2025-01-02 08:01,UPI Payment
TXN-201442,CUST-5800,59.0,Female,70445.29,West Zone,Books & Media,6,224.55,0.1,2025-01-02 08:02,NetBanking
TXN-201443,CUST-5691,42.0,Male,57364.63,North Zone,Electronics,5,496.97,0.0,2025-01-02 08:03,Credit Card
TXN-201444,CUST-5637,,Male,50362.45,East Zone,Electronics,7,380.21,0.05,2025-01-02 08:04,UPI Payment
TXN-201445,CUST-5422,23.0,Female,65639.73,West Zone,Apparel & Fashion,5,24.11,0.0,2025-01-02 08:05,NetBanking
TXN-201446,CUST-5865,61.0,Female,63151.81,South Zone,Beauty & Health,3,39.52,0.0,2025-01-02 08:06,Digital Wallet
TXN-201447,CUST-5023,26.0,Male,46969.39,West Zone,Apparel & Fashion,7,704.01,0.0,2025-01-02 08:07,UPI Payment
TXN-201448,CUST-5575,62.0,Male,46131.83,West Zone,Electronics,5,518.68,0.1,2025-01-02 08:08,Credit Card
TXN-201449,CUST-5143,53.0,Female,32882.59,North Zone,Beauty & Health,2,447.89,0.25,2025-01-02 08:09,UPI Payment
TXN-201450,CUST-5993,73.0,Female,67652.94,South Zone,Home Electronics,5,803.01,0.0,2025-01-02 08:10,NetBanking
TXN-201451,CUST-5665,60.0,Male,38804.61,East Zone,Electronics,7,151.7,0.1,2025-01-02 08:11,UPI Payment
TXN-201452,CUST-5145,37.0,Male,62073.54,East Zone,Apparel & Fashion,7,223.36,0.0,2025-01-02 08:12,UPI Payment
TXN-201453,CUST-5225,35.0,Male,72960.84,South Zone,Home Electronics,2,644.57,0.05,2025-01-02 08:13,Digital Wallet
TXN-201454,CUST-5503,75.0,Female,65849.02,West Zone,Books & Media,1,660.19,0.0,2025-01-02 08:14,UPI Payment
TXN-201455,CUST-5962,60.0,Male,48622.07,North Zone,Home Electronics,7,347.44,0.05,2025-01-02 08:15,Credit Card
TXN-201456,CUST-5974,74.0,Male,78813.03,South Zone,Apparel & Fashion,5,808.6,0.0,2025-01-02 08:16,UPI Payment
TXN-201457,CUST-5821,38.0,Female,54452.53,South Zone,Home Electronics,2,797.86,0.0,2025-01-02 08:17,Digital Wallet
TXN-201458,CUST-5616,21.0,Male,37318.03,East Zone,Apparel & Fashion,6,15.98,0.05,2025-01-02 08:18,NetBanking
TXN-201459,CUST-5104,67.0,Female,56751.04,North Zone,Electronics,7,151.03,0.1,2025-01-02 08:19,UPI Payment
TXN-201460,CUST-5947,50.0,Male,72855.75,South Zone,Beauty & Health,4,698.18,0.05,2025-01-02 08:20,UPI Payment
TXN-201461,CUST-5039,44.0,Male,49523.34,North Zone,Books & Media,6,288.59,0.25,2025-01-02 08:21,Digital Wallet
TXN-201462,CUST-5947,24.0,Male,78246.37,West Zone,Beauty & Health,3,86.12,0.1,2025-01-02 08:22,Digital Wallet
TXN-201463,CUST-5198,23.0,Female,47748.97,East Zone,Beauty & Health,7,668.43,0.0,2025-01-02 08:23,Digital Wallet
TXN-201464,CUST-5646,80.0,Male,50267.06,West Zone,Beauty & Health,2,389.4,0.0,2025-01-02 08:24,UPI Payment
TXN-201465,CUST-5579,32.0,Female,42647.54,North Zone,Apparel & Fashion,6,421.34,0.05,2025-01-02 08:25,Credit Card
TXN-201466,CUST-5391,35.0,Female,74648.63,West Zone,Apparel & Fashion,5,162.89,0.25,2025-01-02 08:26,Digital Wallet
TXN-201467,CUST-5179,49.0,Female,61015.01,East Zone,Books & Media,5,563.63,0.25,2025-01-02 08:27,NetBanking
TXN-201468,CUST-5968,73.0,Male,43874.4,North Zone,Apparel & Fashion,7,471.02,0.1,2025-01-02 08:28,UPI Payment
TXN-201469,CUST-5554,28.0,Male,54670.11,South Zone,Apparel & Fashion,1,180.04,0.05,2025-01-02 08:29,NetBanking
TXN-201470,CUST-5448,37.0,Male,,West Zone,Apparel & Fashion,4,292.91,0.1,2025-01-02 08:30,NetBanking
TXN-201471,CUST-5500,41.0,Male,76392.49,East Zone,Apparel & Fashion,7,509.56,0.0,2025-01-02 08:31,Credit Card
TXN-201472,CUST-5015,32.0,Male,58841.19,South Zone,Electronics,2,786.55,0.0,2025-01-02 08:32,NetBanking
TXN-201473,CUST-5623,65.0,Female,17484.59,East Zone,Books & Media,6,782.76,0.05,2025-01-02 08:33,Digital Wallet
TXN-201474,CUST-5669,24.0,Male,35051.39,North Zone,Apparel & Fashion,4,248.64,0.1,2025-01-02 08:34,Digital Wallet
TXN-201475,CUST-5289,38.0,Male,54200.51,North Zone,Books & Media,1,626.73,0.25,2025-01-02 08:35,UPI Payment
TXN-201476,CUST-5478,59.0,Male,37687.84,West Zone,Home Electronics,7,660.43,0.0,2025-01-02 08:36,Credit Card
TXN-201477,CUST-5231,43.0,Female,76676.96,East Zone,Electronics,3,688.55,0.1,2025-01-02 08:37,Credit Card
TXN-201478,CUST-5923,61.0,Male,69743.6,East Zone,Apparel & Fashion,4,487.51,0.1,2025-01-02 08:38,NetBanking
TXN-201479,CUST-5420,73.0,Female,68651.41,East Zone,Electronics,1,14.37,0.05,2025-01-02 08:39,Credit Card
TXN-201480,CUST-5157,81.0,Male,13819.58,North Zone,Electronics,7,648.74,0.0,2025-01-02 08:40,NetBanking
TXN-201481,CUST-5550,31.0,Female,52279.02,West Zone,Home Electronics,7,95.52,0.05,2025-01-02 08:41,NetBanking
TXN-201482,CUST-5441,74.0,Female,49094.1,East Zone,Books & Media,2,104.2,0.05,2025-01-02 08:42,Credit Card
TXN-201483,CUST-5097,54.0,Male,44349.99,East Zone,Electronics,7,516.95,0.05,2025-01-02 08:43,UPI Payment
TXN-201484,CUST-5997,75.0,Male,54319.26,South Zone,Beauty & Health,3,836.08,0.05,2025-01-02 08:44,NetBanking
TXN-201485,CUST-5411,38.0,Male,41164.59,East Zone,Home Electronics,7,210.32,0.1,2025-01-02 08:45,Digital Wallet
TXN-201486,CUST-5951,35.0,Male,65981.58,West Zone,Beauty & Health,5,550.89,0.0,2025-01-02 08:46,Digital Wallet
TXN-201487,CUST-5289,22.0,Female,76181.2,South Zone,Home Electronics,1,261.94,0.0,2025-01-02 08:47,Credit Card
TXN-201488,CUST-5254,20.0,Female,74587.1,South Zone,Beauty & Health,5,764.47,0.05,2025-01-02 08:48,Credit Card
TXN-201489,CUST-5196,40.0,Female,59448.64,South Zone,Beauty & Health,7,506.73,0.0,2025-01-02 08:49,NetBanking
TXN-201490,CUST-5598,43.0,Female,98985.93,North Zone,Electronics,3,180.71,0.25,2025-01-02 08:50,NetBanking
TXN-201491,CUST-5834,54.0,Male,83089.54,South Zone,Electronics,1,226.87,0.0,2025-01-02 08:51,Digital Wallet
TXN-201492,CUST-5522,41.0,Male,60121.17,East Zone,Home Electronics,1,370.73,0.0,2025-01-02 08:52,NetBanking
TXN-201493,CUST-5517,66.0,Female,53077.96,North Zone,Books & Media,7,108.57,0.1,2025-01-02 08:53,Digital Wallet
TXN-201494,CUST-5635,36.0,Male,86753.5,North Zone,Electronics,3,71.99,0.0,2025-01-02 08:54,NetBanking
TXN-201495,CUST-5842,68.0,Female,80640.24,North Zone,Electronics,2,579.81,0.1,2025-01-02 08:55,UPI Payment
TXN-201496,CUST-5865,42.0,Male,35907.1,North Zone,Apparel & Fashion,1,349.35,0.05,2025-01-02 08:56,UPI Payment
TXN-201497,CUST-5118,38.0,Male,82087.69,North Zone,Electronics,3,618.8,0.0,2025-01-02 08:57,Digital Wallet
TXN-201498,CUST-5806,81.0,Other,59144.09,North Zone,Books & Media,4,98.44,0.25,2025-01-02 08:58,UPI Payment
TXN-201499,CUST-5909,29.0,Male,46073.14,North Zone,Apparel & Fashion,5,520.53,0.0,2025-01-02 08:59,UPI Payment
TXN-201500,CUST-5159,74.0,Other,25384.69,South Zone,Beauty & Health,1,379.87,0.0,2025-01-02 09:00,Credit Card
TXN-201501,CUST-5815,,Other,57025.05,West Zone,Beauty & Health,4,54.48,0.0,2025-01-02 09:01,NetBanking
TXN-201502,CUST-5228,58.0,Female,61773.79,East Zone,Apparel & Fashion,1,465.59,0.0,2025-01-02 09:02,Credit Card
TXN-201503,CUST-5877,50.0,Female,91365.56,East Zone,Apparel & Fashion,2,75.43,0.1,2025-01-02 09:03,Digital Wallet
TXN-201504,CUST-5216,67.0,Female,79708.83,South Zone,Apparel & Fashion,7,704.51,0.1,2025-01-02 09:04,Credit Card
TXN-201505,CUST-5948,70.0,Female,51216.6,South Zone,Home Electronics,3,539.19,0.0,2025-01-02 09:05,Digital Wallet
TXN-201506,CUST-5696,21.0,Male,69202.83,North Zone,Books & Media,1,475.86,0.05,2025-01-02 09:06,UPI Payment
TXN-201507,CUST-5015,80.0,Female,77285.61,West Zone,Books & Media,3,118.21,0.1,2025-01-02 09:07,Credit Card
TXN-201508,CUST-5157,59.0,Female,63590.21,North Zone,Beauty & Health,6,248.26,0.1,2025-01-02 09:08,UPI Payment
TXN-201509,CUST-5648,74.0,Male,51137.65,South Zone,Beauty & Health,1,421.73,0.0,2025-01-02 09:09,NetBanking
TXN-201510,CUST-5261,24.0,Male,52154.81,North Zone,Beauty & Health,2,540.31,0.1,2025-01-02 09:10,UPI Payment
TXN-201511,CUST-5157,39.0,Male,69131.25,East Zone,Electronics,2,160.24,0.0,2025-01-02 09:11,NetBanking
TXN-201512,CUST-5047,72.0,Female,69640.14,East Zone,Beauty & Health,7,12.99,0.05,2025-01-02 09:12,UPI Payment
TXN-201513,CUST-5324,50.0,Female,56580.34,North Zone,Apparel & Fashion,7,296.65,0.25,2025-01-02 09:13,Credit Card
TXN-201514,CUST-5844,34.0,Male,13545.68,West Zone,Beauty & Health,4,413.28,0.0,2025-01-02 09:14,Credit Card
TXN-201515,CUST-5685,41.0,Female,295000.0,North Zone,Apparel & Fashion,2,161.25,0.0,2025-01-02 09:15,UPI Payment
TXN-201516,CUST-5130,78.0,Female,73464.25,North Zone,Home Electronics,3,421.13,0.0,2025-01-02 09:16,Digital Wallet
TXN-201517,CUST-5411,78.0,Female,22579.5,West Zone,Electronics,6,291.35,0.0,2025-01-02 09:17,Digital Wallet
TXN-201518,CUST-5095,51.0,Female,83907.35,West Zone,Electronics,2,389.82,0.0,2025-01-02 09:18,NetBanking
TXN-201519,CUST-5627,45.0,Female,81168.91,West Zone,Books & Media,1,298.93,0.05,2025-01-02 09:19,NetBanking
TXN-201520,CUST-5755,75.0,Male,62760.28,East Zone,Home Electronics,2,536.24,0.0,2025-01-02 09:20,UPI Payment
TXN-201521,CUST-5932,60.0,Female,73061.72,North Zone,Apparel & Fashion,6,41.73,0.0,2025-01-02 09:21,Credit Card
TXN-201522,CUST-5292,58.0,Male,71782.33,South Zone,Home Electronics,3,149.83,0.0,2025-01-02 09:22,NetBanking
TXN-201523,CUST-5794,56.0,Female,59837.85,West Zone,Electronics,1,370.96,0.0,2025-01-02 09:23,UPI Payment
TXN-201524,CUST-5811,39.0,Other,36583.05,West Zone,Apparel & Fashion,4,306.39,0.0,2025-01-02 09:24,NetBanking
TXN-201525,CUST-5283,66.0,Male,79894.55,North Zone,Home Electronics,4,336.23,0.05,2025-01-02 09:25,Credit Card
TXN-201526,CUST-5069,34.0,Male,88033.76,South Zone,Electronics,4,684.28,0.0,2025-01-02 09:26,NetBanking
TXN-201527,CUST-5660,51.0,Female,39641.08,North Zone,Apparel & Fashion,7,754.01,0.25,2025-01-02 09:27,UPI Payment
TXN-201528,CUST-5011,23.0,Male,35891.78,North Zone,Apparel & Fashion,1,215.5,0.0,2025-01-02 09:28,NetBanking
TXN-201529,CUST-5254,63.0,Female,59469.26,West Zone,Electronics,4,711.83,0.25,2025-01-02 09:29,Digital Wallet
TXN-201530,CUST-5842,23.0,Male,50414.84,West Zone,Apparel & Fashion,7,392.95,0.0,2025-01-02 09:30,NetBanking
TXN-201531,CUST-5872,51.0,Male,64681.56,East Zone,Electronics,2,236.74,0.1,2025-01-02 09:31,Credit Card
TXN-201532,CUST-5550,18.0,Other,84347.89,South Zone,Beauty & Health,1,837.72,0.05,2025-01-02 09:32,Credit Card
TXN-201533,CUST-5134,27.0,Female,20455.1,South Zone,Beauty & Health,1,702.05,0.1,2025-01-02 09:33,Credit Card
TXN-201534,CUST-5712,38.0,Female,91253.53,West Zone,Apparel & Fashion,1,845.15,0.05,2025-01-02 09:34,Credit Card
TXN-201535,CUST-5023,22.0,Male,54476.63,West Zone,Apparel & Fashion,5,147.54,0.25,2025-01-02 09:35,UPI Payment
TXN-201536,CUST-5815,19.0,Female,71467.91,West Zone,Electronics,7,126.98,0.05,2025-01-02 09:36,NetBanking
TXN-201537,CUST-5346,39.0,Female,73446.43,South Zone,Apparel & Fashion,3,430.6,0.1,2025-01-02 09:37,NetBanking
TXN-201538,CUST-5302,65.0,Female,75603.81,East Zone,Books & Media,5,544.83,0.1,2025-01-02 09:38,NetBanking
TXN-201539,CUST-5363,74.0,Female,63145.3,South Zone,Beauty & Health,5,149.96,0.05,2025-01-02 09:39,NetBanking
TXN-201540,CUST-5396,19.0,Female,67467.87,West Zone,Apparel & Fashion,5,732.13,0.0,2025-01-02 09:40,UPI Payment
TXN-201541,CUST-5218,27.0,Male,67346.91,West Zone,Apparel & Fashion,3,454.79,0.0,2025-01-02 09:41,Credit Card
TXN-201542,CUST-5141,51.0,Male,50339.77,East Zone,Home Electronics,5,352.54,0.1,2025-01-02 09:42,NetBanking
TXN-201543,CUST-5616,,Female,29475.98,North Zone,Apparel & Fashion,4,513.93,0.0,2025-01-02 09:43,NetBanking
TXN-201544,CUST-5958,65.0,Male,39445.06,North Zone,Books & Media,1,541.72,0.05,2025-01-02 09:44,Credit Card
TXN-201545,CUST-5210,68.0,Female,60071.6,South Zone,Beauty & Health,1,41.63,0.0,2025-01-02 09:45,Digital Wallet
TXN-201546,CUST-5985,78.0,Male,47444.08,North Zone,Home Electronics,7,849.91,0.0,2025-01-02 09:46,Digital Wallet
TXN-201547,CUST-5993,56.0,Female,47486.82,North Zone,Electronics,2,312.83,0.05,2025-01-02 09:47,Credit Card
TXN-201548,CUST-5623,39.0,Female,95286.14,South Zone,Electronics,6,57.47,0.05,2025-01-02 09:48,NetBanking
TXN-201549,CUST-5616,29.0,Male,77889.55,West Zone,Beauty & Health,4,725.29,0.0,2025-01-02 09:49,Credit Card
TXN-201550,CUST-5828,41.0,Male,57336.59,North Zone,Electronics,3,844.1,0.0,2025-01-02 09:50,NetBanking
TXN-201551,CUST-5683,64.0,Male,74432.65,West Zone,Books & Media,6,694.91,0.0,2025-01-02 09:51,NetBanking
TXN-201552,CUST-5460,57.0,Female,54225.03,South Zone,Apparel & Fashion,1,724.91,0.05,2025-01-02 09:52,Digital Wallet
TXN-201553,CUST-5356,55.0,Female,64048.38,West Zone,Beauty & Health,5,534.1,0.0,2025-01-02 09:53,Digital Wallet
TXN-201554,CUST-5324,77.0,Male,70170.13,West Zone,Home Electronics,7,784.4,0.05,2025-01-02 09:54,NetBanking
TXN-201555,CUST-5133,76.0,Female,54274.29,South Zone,Apparel & Fashion,7,35.68,0.05,2025-01-02 09:55,NetBanking
TXN-201556,CUST-5888,27.0,Male,49322.86,West Zone,Electronics,2,653.0,0.25,2025-01-02 09:56,NetBanking
TXN-201557,CUST-5805,,Female,84642.74,North Zone,Electronics,2,571.91,0.0,2025-01-02 09:57,Digital Wallet
TXN-201558,CUST-5840,81.0,Female,73361.09,North Zone,Home Electronics,1,47.37,0.0,2025-01-02 09:58,NetBanking
TXN-201559,CUST-5127,68.0,Male,20289.7,North Zone,Books & Media,4,464.89,0.0,2025-01-02 09:59,Credit Card
TXN-201560,CUST-5106,80.0,Female,49639.49,North Zone,Home Electronics,7,440.47,0.0,2025-01-02 10:00,UPI Payment
TXN-201561,CUST-5604,66.0,Male,47546.46,West Zone,Beauty & Health,6,589.5,0.0,2025-01-02 10:01,UPI Payment
TXN-201562,CUST-5799,81.0,Male,50508.95,North Zone,Home Electronics,2,70.98,0.1,2025-01-02 10:02,NetBanking
TXN-201563,CUST-5378,49.0,Male,77954.44,West Zone,Electronics,1,685.56,0.0,2025-01-02 10:03,Credit Card
TXN-201564,CUST-5905,24.0,Male,62355.31,East Zone,Books & Media,4,123.23,0.0,2025-01-02 10:04,NetBanking
TXN-201565,CUST-5051,38.0,Female,36291.85,West Zone,Books & Media,1,359.06,0.0,2025-01-02 10:05,Credit Card
TXN-201566,CUST-5029,37.0,Male,54910.53,North Zone,Home Electronics,1,749.75,0.1,2025-01-02 10:06,Digital Wallet
TXN-201567,CUST-5462,43.0,Female,72022.15,East Zone,Beauty & Health,4,478.87,0.0,2025-01-02 10:07,Digital Wallet
TXN-201568,CUST-5296,80.0,Male,57936.57,South Zone,Electronics,4,326.06,0.0,2025-01-02 10:08,NetBanking
TXN-201569,CUST-5297,21.0,Male,50073.49,West Zone,Apparel & Fashion,4,46.21,0.0,2025-01-02 10:09,Digital Wallet
TXN-201570,CUST-5726,63.0,Female,68127.56,North Zone,Books & Media,1,573.23,0.05,2025-01-02 10:10,NetBanking
TXN-201571,CUST-5779,69.0,Other,91936.56,North Zone,Home Electronics,2,838.64,0.1,2025-01-02 10:11,UPI Payment
TXN-201572,CUST-5407,39.0,Male,70536.36,North Zone,Beauty & Health,3,775.51,0.0,2025-01-02 10:12,Credit Card
TXN-201573,CUST-5769,32.0,Female,86067.42,South Zone,Beauty & Health,3,611.26,0.0,2025-01-02 10:13,Credit Card
TXN-201574,CUST-5814,73.0,Female,51314.14,East Zone,Electronics,1,94.42,0.0,2025-01-02 10:14,UPI Payment
TXN-201575,CUST-5613,57.0,Female,61845.3,East Zone,Books & Media,1,207.71,0.05,2025-01-02 10:15,UPI Payment
TXN-201576,CUST-5405,38.0,Female,61471.79,North Zone,Electronics,2,163.29,0.0,2025-01-02 10:16,UPI Payment
TXN-201577,CUST-5346,32.0,Male,64195.56,West Zone,Apparel & Fashion,4,305.69,0.1,2025-01-02 10:17,UPI Payment
TXN-201578,CUST-5622,39.0,Male,70149.61,North Zone,Apparel & Fashion,1,204.39,0.0,2025-01-02 10:18,Digital Wallet
TXN-201579,CUST-5420,69.0,Female,44999.07,North Zone,Apparel & Fashion,7,211.93,0.0,2025-01-02 10:19,Credit Card
TXN-201580,CUST-5182,45.0,Male,73975.65,West Zone,Beauty & Health,5,526.33,0.0,2025-01-02 10:20,Credit Card
TXN-201581,CUST-5983,31.0,Female,31884.11,North Zone,Books & Media,4,274.64,0.1,2025-01-02 10:21,UPI Payment
TXN-201582,CUST-5825,44.0,Male,37288.5,South Zone,Electronics,7,577.36,0.05,2025-01-02 10:22,NetBanking
TXN-201583,CUST-5001,78.0,Male,101509.08,North Zone,Electronics,1,805.99,0.25,2025-01-02 10:23,NetBanking
TXN-201584,CUST-5831,58.0,Female,52562.77,South Zone,Apparel & Fashion,5,544.69,0.0,2025-01-02 10:24,NetBanking
TXN-201585,CUST-5950,57.0,Male,75496.11,North Zone,Books & Media,7,640.27,0.0,2025-01-02 10:25,NetBanking
TXN-201586,CUST-5567,75.0,Female,93418.37,East Zone,Books & Media,6,640.21,0.05,2025-01-02 10:26,Digital Wallet
TXN-201587,CUST-5371,45.0,Female,19182.56,West Zone,Home Electronics,2,284.78,0.0,2025-01-02 10:27,Credit Card
TXN-201588,CUST-5936,43.0,Female,82835.55,East Zone,Books & Media,5,18.13,0.05,2025-01-02 10:28,Credit Card
TXN-201589,CUST-5911,66.0,Female,74005.46,North Zone,Books & Media,1,51.99,0.0,2025-01-02 10:29,Credit Card
TXN-201590,CUST-5661,80.0,Female,92347.35,North Zone,Electronics,3,243.7,0.0,2025-01-02 10:30,NetBanking
TXN-201591,CUST-5431,19.0,Female,,South Zone,Books & Media,7,587.82,0.0,2025-01-02 10:31,UPI Payment
TXN-201592,CUST-5969,42.0,Female,88848.21,North Zone,Books & Media,1,771.19,0.05,2025-01-02 10:32,NetBanking
TXN-201593,CUST-5309,73.0,Male,48320.83,North Zone,Electronics,3,815.21,0.0,2025-01-02 10:33,Credit Card
TXN-201594,CUST-5137,79.0,Male,81513.39,North Zone,Books & Media,2,27.33,0.1,2025-01-02 10:34,NetBanking
TXN-201595,CUST-5202,,Male,61333.61,East Zone,Electronics,2,841.63,0.0,2025-01-02 10:35,UPI Payment
TXN-201596,CUST-5436,25.0,Male,76259.22,South Zone,Home Electronics,4,277.85,0.1,2025-01-02 10:36,UPI Payment
TXN-201597,CUST-5313,61.0,Female,62904.08,East Zone,Beauty & Health,7,717.38,0.0,2025-01-02 10:37,NetBanking
TXN-201598,CUST-5117,50.0,Female,27971.07,South Zone,Electronics,4,157.76,0.0,2025-01-02 10:38,Credit Card
TXN-201599,CUST-5666,59.0,Female,4269.94,East Zone,Electronics,3,58.62,0.25,2025-01-02 10:39,Digital Wallet
TXN-201600,CUST-5937,69.0,Male,65883.44,North Zone,Books & Media,3,325.02,0.0,2025-01-02 10:40,Credit Card
TXN-201601,CUST-5803,52.0,Female,57120.9,East Zone,Electronics,2,730.86,0.05,2025-01-02 10:41,Digital Wallet
TXN-201602,CUST-5575,23.0,Male,69367.09,East Zone,Apparel & Fashion,5,191.99,0.05,2025-01-02 10:42,Credit Card
TXN-201603,CUST-5244,56.0,Female,57335.16,South Zone,Apparel & Fashion,3,135.52,0.0,2025-01-02 10:43,NetBanking
TXN-201604,CUST-5537,69.0,Female,,South Zone,Home Electronics,3,773.83,0.05,2025-01-02 10:44,Digital Wallet
TXN-201605,CUST-5602,40.0,Male,66264.94,East Zone,Electronics,7,797.93,0.1,2025-01-02 10:45,Credit Card
TXN-201606,CUST-5075,42.0,Male,53731.47,South Zone,Books & Media,5,16.1,0.0,2025-01-02 10:46,NetBanking
TXN-201607,CUST-5806,76.0,Male,68241.22,South Zone,Books & Media,4,619.82,0.05,2025-01-02 10:47,Credit Card
TXN-201608,CUST-5386,67.0,Female,54069.52,South Zone,Beauty & Health,4,266.63,0.1,2025-01-02 10:48,UPI Payment
TXN-201609,CUST-5903,60.0,Female,63719.21,West Zone,Home Electronics,3,321.94,0.0,2025-01-02 10:49,UPI Payment
TXN-201610,CUST-5210,36.0,Female,39476.62,South Zone,Books & Media,7,401.66,0.0,2025-01-02 10:50,Credit Card
TXN-201611,CUST-5475,22.0,Male,61841.17,West Zone,Beauty & Health,4,365.92,0.0,2025-01-02 10:51,NetBanking
TXN-201612,CUST-5418,68.0,Male,53159.73,West Zone,Books & Media,4,440.4,0.05,2025-01-02 10:52,Credit Card
TXN-201613,CUST-5347,28.0,Female,41229.37,South Zone,Beauty & Health,6,497.3,0.1,2025-01-02 10:53,NetBanking
TXN-201614,CUST-5529,73.0,Female,98551.11,East Zone,Apparel & Fashion,7,398.7,0.05,2025-01-02 10:54,Digital Wallet
TXN-201615,CUST-5640,29.0,Male,41950.9,South Zone,Apparel & Fashion,4,597.97,0.0,2025-01-02 10:55,UPI Payment
TXN-201616,CUST-5939,27.0,Male,62128.84,North Zone,Books & Media,2,612.36,0.0,2025-01-02 10:56,Digital Wallet
TXN-201617,CUST-5955,25.0,Female,47148.05,East Zone,Home Electronics,1,377.38,0.1,2025-01-02 10:57,NetBanking
TXN-201618,CUST-5876,41.0,Male,67495.23,West Zone,Electronics,3,125.81,0.0,2025-01-02 10:58,Credit Card
TXN-201619,CUST-5763,77.0,Male,38423.88,West Zone,Home Electronics,3,546.52,0.1,2025-01-02 10:59,UPI Payment
TXN-201620,CUST-5179,45.0,Male,77546.6,East Zone,Home Electronics,2,658.26,0.1,2025-01-02 11:00,NetBanking
TXN-201621,CUST-5182,58.0,Female,99668.89,East Zone,Electronics,1,544.38,0.0,2025-01-02 11:01,NetBanking
TXN-201622,CUST-5664,53.0,Female,46468.52,South Zone,Apparel & Fashion,1,502.11,0.0,2025-01-02 11:02,UPI Payment
TXN-201623,CUST-5025,54.0,Other,84513.92,West Zone,Apparel & Fashion,2,199.24,0.0,2025-01-02 11:03,Credit Card
TXN-201624,CUST-5967,38.0,Female,,North Zone,Electronics,5,550.32,0.05,2025-01-02 11:04,UPI Payment
TXN-201625,CUST-5180,25.0,Female,89857.14,South Zone,Beauty & Health,5,288.29,0.1,2025-01-02 11:05,Credit Card
TXN-201626,CUST-5710,72.0,Male,102487.23,East Zone,Home Electronics,1,782.07,0.05,2025-01-02 11:06,Credit Card
TXN-201627,CUST-5501,26.0,Female,57676.46,West Zone,Books & Media,5,557.57,0.0,2025-01-02 11:07,NetBanking
TXN-201628,CUST-5856,64.0,Male,33875.08,East Zone,Apparel & Fashion,5,240.42,0.0,2025-01-02 11:08,Credit Card
TXN-201629,CUST-5161,32.0,Female,79539.56,East Zone,Books & Media,5,404.89,0.1,2025-01-02 11:09,Credit Card
TXN-201630,CUST-5177,65.0,Male,66151.72,East Zone,Electronics,1,720.44,0.0,2025-01-02 11:10,UPI Payment
TXN-201631,CUST-5285,63.0,Male,71283.14,South Zone,Books & Media,5,288.8,0.05,2025-01-02 11:11,UPI Payment
TXN-201632,CUST-5063,57.0,Male,55712.87,North Zone,Books & Media,3,449.23,0.0,2025-01-02 11:12,Credit Card
TXN-201633,CUST-5662,35.0,Male,45636.88,North Zone,Home Electronics,6,579.48,0.0,2025-01-02 11:13,NetBanking
TXN-201634,CUST-5666,59.0,Male,83466.44,West Zone,Electronics,1,642.7,0.0,2025-01-02 11:14,UPI Payment
TXN-201635,CUST-5156,77.0,Male,67916.11,East Zone,Books & Media,2,152.35,0.0,2025-01-02 11:15,Digital Wallet
TXN-201636,CUST-5882,37.0,Other,35294.19,North Zone,Apparel & Fashion,5,482.77,0.05,2025-01-02 11:16,NetBanking
TXN-201637,CUST-5469,23.0,Male,74707.19,East Zone,Electronics,4,775.85,0.0,2025-01-02 11:17,UPI Payment
TXN-201638,CUST-5049,29.0,Female,70994.12,West Zone,Apparel & Fashion,1,823.28,0.25,2025-01-02 11:18,UPI Payment
TXN-201639,CUST-5967,19.0,Female,55981.97,East Zone,Beauty & Health,7,559.61,0.05,2025-01-02 11:19,Digital Wallet
TXN-201640,CUST-5849,24.0,Other,91966.54,North Zone,Books & Media,2,836.2,0.0,2025-01-02 11:20,Credit Card
TXN-201641,CUST-5084,33.0,Female,50563.8,East Zone,Electronics,6,487.49,0.0,2025-01-02 11:21,UPI Payment
TXN-201642,CUST-5361,20.0,Female,58873.75,North Zone,Apparel & Fashion,3,379.28,0.05,2025-01-02 11:22,Digital Wallet
TXN-201643,CUST-5689,62.0,Male,76219.99,West Zone,Books & Media,7,471.32,0.0,2025-01-02 11:23,Digital Wallet
TXN-201644,CUST-5148,20.0,Male,63420.11,East Zone,Home Electronics,2,103.22,0.25,2025-01-02 11:24,UPI Payment
TXN-201645,CUST-5630,44.0,Male,36388.17,North Zone,Apparel & Fashion,5,344.75,0.05,2025-01-02 11:25,NetBanking
TXN-201646,CUST-5342,67.0,Female,65400.29,West Zone,Apparel & Fashion,4,392.62,0.0,2025-01-02 11:26,UPI Payment
TXN-201647,CUST-5476,60.0,Female,54333.79,East Zone,Beauty & Health,5,722.17,0.05,2025-01-02 11:27,Digital Wallet
TXN-201648,CUST-5063,57.0,Male,77854.43,West Zone,Home Electronics,2,646.18,0.0,2025-01-02 11:28,UPI Payment
TXN-201649,CUST-5701,55.0,Male,64797.54,North Zone,Beauty & Health,1,513.4,0.0,2025-01-02 11:29,NetBanking
TXN-201650,CUST-5360,50.0,Female,63748.39,East Zone,Home Electronics,7,298.78,0.25,2025-01-02 11:30,Credit Card
TXN-201651,CUST-5561,45.0,Male,42607.35,East Zone,Apparel & Fashion,4,163.45,0.0,2025-01-02 11:31,Credit Card
TXN-201652,CUST-5327,18.0,Female,57744.53,East Zone,Beauty & Health,7,299.19,0.05,2025-01-02 11:32,UPI Payment
TXN-201653,CUST-5769,72.0,Female,79946.87,West Zone,Books & Media,7,579.59,0.25,2025-01-02 11:33,UPI Payment
TXN-201654,CUST-5736,81.0,Female,47634.08,West Zone,Home Electronics,4,227.64,0.0,2025-01-02 11:34,Digital Wallet
TXN-201655,CUST-5141,25.0,Female,61397.82,North Zone,Apparel & Fashion,2,366.01,0.0,2025-01-02 11:35,NetBanking
TXN-201656,CUST-5990,54.0,Female,44675.75,South Zone,Electronics,6,332.13,0.0,2025-01-02 11:36,Digital Wallet
TXN-201657,CUST-5215,49.0,Female,40098.91,East Zone,Home Electronics,6,652.04,0.0,2025-01-02 11:37,Digital Wallet
TXN-201658,CUST-5435,77.0,Female,60430.11,East Zone,Home Electronics,5,751.86,0.0,2025-01-02 11:38,Credit Card
TXN-201659,CUST-5891,65.0,Female,65215.32,North Zone,Books & Media,2,596.12,0.1,2025-01-02 11:39,Digital Wallet
TXN-201660,CUST-5952,60.0,Male,98886.46,East Zone,Home Electronics,4,293.98,0.1,2025-01-02 11:40,Digital Wallet
TXN-201661,CUST-5723,54.0,Male,53573.98,West Zone,Home Electronics,2,371.32,0.05,2025-01-02 11:41,Credit Card
TXN-201662,CUST-5318,21.0,Male,61071.87,West Zone,Books & Media,4,126.56,0.0,2025-01-02 11:42,Credit Card
TXN-201663,CUST-5032,47.0,Male,38873.64,East Zone,Books & Media,7,147.46,0.1,2025-01-02 11:43,NetBanking
TXN-201664,CUST-5670,23.0,Female,73326.44,East Zone,Beauty & Health,5,144.25,0.0,2025-01-02 11:44,NetBanking
TXN-201665,CUST-5285,63.0,Female,69364.75,West Zone,Apparel & Fashion,1,115.78,0.0,2025-01-02 11:45,NetBanking
TXN-201666,CUST-5305,71.0,Male,89535.3,East Zone,Apparel & Fashion,7,4500.0,0.0,2025-01-02 11:46,UPI Payment
TXN-201667,CUST-5429,36.0,Male,82565.01,West Zone,Beauty & Health,1,176.67,0.0,2025-01-02 11:47,Credit Card
TXN-201668,CUST-5477,49.0,Other,68501.02,South Zone,Apparel & Fashion,2,99.95,0.25,2025-01-02 11:48,UPI Payment
TXN-201669,CUST-5286,26.0,Male,53303.68,South Zone,Home Electronics,4,546.2,0.05,2025-01-02 11:49,UPI Payment
TXN-201670,CUST-5144,,Female,65786.37,East Zone,Beauty & Health,1,841.89,0.05,2025-01-02 11:50,NetBanking
TXN-201671,CUST-5424,28.0,Female,59946.25,East Zone,Beauty & Health,7,747.97,0.05,2025-01-02 11:51,Credit Card
TXN-201672,CUST-5019,63.0,Female,79637.85,East Zone,Apparel & Fashion,4,44.01,0.05,2025-01-02 11:52,UPI Payment
TXN-201673,CUST-5018,72.0,Male,77285.28,West Zone,Electronics,5,362.77,0.0,2025-01-02 11:53,Digital Wallet
TXN-201674,CUST-5769,33.0,Male,56516.31,South Zone,Apparel & Fashion,7,731.19,0.0,2025-01-02 11:54,Digital Wallet
TXN-201675,CUST-5590,18.0,Male,34953.12,South Zone,Electronics,2,119.23,0.1,2025-01-02 11:55,Credit Card
TXN-201676,CUST-5371,80.0,Female,86667.67,North Zone,Beauty & Health,4,721.34,0.0,2025-01-02 11:56,UPI Payment
TXN-201677,CUST-5175,62.0,Female,72764.67,North Zone,Electronics,2,506.04,0.25,2025-01-02 11:57,NetBanking
TXN-201678,CUST-5194,72.0,Male,56089.43,East Zone,Home Electronics,4,791.98,0.0,2025-01-02 11:58,UPI Payment
TXN-201679,CUST-5502,70.0,Female,72043.16,West Zone,Books & Media,7,745.32,0.0,2025-01-02 11:59,Digital Wallet
TXN-201680,CUST-5988,38.0,Female,63384.93,East Zone,Electronics,6,577.26,0.0,2025-01-02 12:00,Digital Wallet
TXN-201681,CUST-5113,47.0,Male,86394.43,South Zone,Books & Media,6,561.03,0.1,2025-01-02 12:01,NetBanking
TXN-201682,CUST-5114,30.0,Female,26299.07,East Zone,Home Electronics,4,185.52,0.0,2025-01-02 12:02,Credit Card
TXN-201683,CUST-5222,51.0,Female,54651.97,East Zone,Books & Media,5,104.1,0.05,2025-01-02 12:03,UPI Payment
TXN-201684,CUST-5678,21.0,Male,91582.51,South Zone,Home Electronics,2,356.3,0.0,2025-01-02 12:04,Digital Wallet
TXN-201685,CUST-5947,45.0,Male,72419.17,South Zone,Books & Media,3,163.07,0.05,2025-01-02 12:05,UPI Payment
TXN-201686,CUST-5831,55.0,Female,295000.0,South Zone,Books & Media,4,91.99,0.0,2025-01-02 12:06,NetBanking
TXN-201687,CUST-5644,75.0,Female,39396.57,South Zone,Apparel & Fashion,4,260.81,0.0,2025-01-02 12:07,NetBanking
TXN-201688,CUST-5897,48.0,Female,81835.64,North Zone,Electronics,6,732.18,0.0,2025-01-02 12:08,Credit Card
TXN-201689,CUST-5264,76.0,Female,80726.15,West Zone,Books & Media,1,19.98,0.0,2025-01-02 12:09,NetBanking
TXN-201690,CUST-5925,72.0,Female,30888.02,West Zone,Beauty & Health,7,252.63,0.0,2025-01-02 12:10,Credit Card
TXN-201691,CUST-5055,81.0,Male,56533.21,South Zone,Apparel & Fashion,6,363.61,0.05,2025-01-02 12:11,UPI Payment
TXN-201692,CUST-5871,44.0,Female,60029.21,West Zone,Electronics,2,436.68,0.0,2025-01-02 12:12,Digital Wallet
TXN-201693,CUST-5643,22.0,Female,32038.21,West Zone,Apparel & Fashion,6,158.84,0.0,2025-01-02 12:13,Digital Wallet
TXN-201694,CUST-5800,42.0,Male,56919.86,West Zone,Electronics,3,819.78,0.0,2025-01-02 12:14,Credit Card
TXN-201695,CUST-5778,20.0,Female,78153.89,West Zone,Home Electronics,5,494.36,0.0,2025-01-02 12:15,Digital Wallet
TXN-201696,CUST-5458,50.0,Female,54767.92,South Zone,Books & Media,7,446.42,0.0,2025-01-02 12:16,Credit Card
TXN-201697,CUST-5979,21.0,Male,66479.46,East Zone,Beauty & Health,3,12.95,0.0,2025-01-02 12:17,Credit Card
TXN-201698,CUST-5878,42.0,Female,66613.35,East Zone,Apparel & Fashion,5,415.69,0.0,2025-01-02 12:18,UPI Payment
TXN-201699,CUST-5162,37.0,Male,61775.35,East Zone,Apparel & Fashion,3,712.91,0.0,2025-01-02 12:19,UPI Payment
TXN-201700,CUST-5380,51.0,Male,48954.13,North Zone,Apparel & Fashion,7,190.99,0.05,2025-01-02 12:20,NetBanking
TXN-201701,CUST-5993,43.0,Male,74188.06,West Zone,Apparel & Fashion,6,302.09,0.05,2025-01-02 12:21,Credit Card
TXN-201702,CUST-5087,79.0,Female,32639.88,South Zone,Books & Media,3,22.87,0.0,2025-01-02 12:22,UPI Payment
TXN-201703,CUST-5055,79.0,Female,62158.88,South Zone,Electronics,6,830.52,0.0,2025-01-02 12:23,Credit Card
TXN-201704,CUST-5476,22.0,Male,87631.5,North Zone,Books & Media,7,61.79,0.0,2025-01-02 12:24,Credit Card
TXN-201705,CUST-5800,52.0,Female,53723.59,South Zone,Home Electronics,6,764.05,0.0,2025-01-02 12:25,Credit Card
TXN-201706,CUST-5178,78.0,Male,48544.56,East Zone,Books & Media,2,269.82,0.0,2025-01-02 12:26,UPI Payment
TXN-201707,CUST-5391,45.0,Female,75422.05,North Zone,Books & Media,6,501.69,0.1,2025-01-02 12:27,Credit Card
TXN-201708,CUST-5349,46.0,Male,65023.49,South Zone,Home Electronics,1,579.18,0.0,2025-01-02 12:28,Credit Card
TXN-201709,CUST-5008,26.0,Male,75790.77,North Zone,Books & Media,3,124.43,0.25,2025-01-02 12:29,NetBanking
TXN-201710,CUST-5833,69.0,Female,62712.22,North Zone,Electronics,7,380.25,0.0,2025-01-02 12:30,Credit Card
TXN-201711,CUST-5313,55.0,Male,17816.59,South Zone,Beauty & Health,4,280.36,0.1,2025-01-02 12:31,NetBanking
TXN-201712,CUST-5759,67.0,Male,83828.4,East Zone,Home Electronics,4,53.3,0.05,2025-01-02 12:32,Credit Card
TXN-201713,CUST-5835,23.0,Female,100295.49,South Zone,Apparel & Fashion,4,709.13,0.0,2025-01-02 12:33,NetBanking
TXN-201714,CUST-5984,36.0,Other,85754.76,West Zone,Electronics,7,43.64,0.0,2025-01-02 12:34,UPI Payment
TXN-201715,CUST-5983,77.0,Male,-3468.87,West Zone,Beauty & Health,1,557.18,0.05,2025-01-02 12:35,UPI Payment
TXN-201716,CUST-5443,61.0,Male,70345.13,South Zone,Electronics,6,270.74,0.1,2025-01-02 12:36,Digital Wallet
TXN-201717,CUST-5767,74.0,Male,53365.2,East Zone,Electronics,3,167.75,0.0,2025-01-02 12:37,Credit Card
TXN-201718,CUST-5328,28.0,Female,,West Zone,Apparel & Fashion,5,568.85,0.0,2025-01-02 12:38,Digital Wallet
TXN-201719,CUST-5054,19.0,Male,64270.54,West Zone,Beauty & Health,5,490.7,0.0,2025-01-02 12:39,Digital Wallet
TXN-201720,CUST-5761,64.0,Female,59244.48,South Zone,Electronics,7,271.73,0.0,2025-01-02 12:40,NetBanking
TXN-201721,CUST-5239,61.0,Other,71410.17,South Zone,Apparel & Fashion,2,438.7,0.25,2025-01-02 12:41,UPI Payment
TXN-201722,CUST-5229,61.0,Male,63046.73,South Zone,Home Electronics,1,213.45,0.05,2025-01-02 12:42,Credit Card
TXN-201723,CUST-5579,26.0,Male,41264.98,North Zone,Apparel & Fashion,3,734.89,0.0,2025-01-02 12:43,Credit Card
TXN-201724,CUST-5051,38.0,Male,51332.87,North Zone,Books & Media,6,270.52,0.0,2025-01-02 12:44,NetBanking
TXN-201725,CUST-5609,41.0,Male,48347.77,North Zone,Apparel & Fashion,4,212.53,0.0,2025-01-02 12:45,Digital Wallet
TXN-201726,CUST-5604,51.0,Female,30245.06,South Zone,Apparel & Fashion,1,640.42,0.1,2025-01-02 12:46,NetBanking
TXN-201727,CUST-5264,39.0,Male,36624.57,East Zone,Apparel & Fashion,1,20.36,0.25,2025-01-02 12:47,Digital Wallet
TXN-201728,CUST-5418,20.0,Male,58095.23,West Zone,Electronics,3,231.84,0.0,2025-01-02 12:48,Credit Card
TXN-201729,CUST-5803,29.0,Female,88339.45,North Zone,Beauty & Health,7,322.52,0.0,2025-01-02 12:49,NetBanking
TXN-201730,CUST-5096,45.0,Male,52092.19,East Zone,Apparel & Fashion,6,750.55,0.25,2025-01-02 12:50,Digital Wallet
TXN-201731,CUST-5088,47.0,Female,47987.53,South Zone,Apparel & Fashion,7,808.15,0.0,2025-01-02 12:51,NetBanking
TXN-201732,CUST-5078,43.0,Male,40146.19,North Zone,Books & Media,7,610.57,0.0,2025-01-02 12:52,UPI Payment
TXN-201733,CUST-5288,65.0,Female,62564.93,South Zone,Books & Media,2,421.44,0.0,2025-01-02 12:53,NetBanking
TXN-201734,CUST-5120,38.0,Female,83816.3,East Zone,Home Electronics,7,546.5,0.0,2025-01-02 12:54,Credit Card
TXN-201735,CUST-5814,45.0,Female,99049.63,North Zone,Home Electronics,6,355.12,0.0,2025-01-02 12:55,NetBanking
TXN-201736,CUST-5491,73.0,Other,67279.89,North Zone,Books & Media,2,257.86,0.25,2025-01-02 12:56,Credit Card
TXN-201737,CUST-5912,43.0,Male,64589.88,North Zone,Beauty & Health,2,808.36,0.05,2025-01-02 12:57,Credit Card
TXN-201738,CUST-5452,79.0,Female,51945.75,North Zone,Home Electronics,4,102.95,0.0,2025-01-02 12:58,NetBanking
TXN-201739,CUST-5500,50.0,Female,55033.52,East Zone,Beauty & Health,4,298.03,0.0,2025-01-02 12:59,NetBanking
TXN-201740,CUST-5165,38.0,Female,73639.74,North Zone,Books & Media,3,764.78,0.05,2025-01-02 13:00,NetBanking
TXN-201741,CUST-5182,52.0,Male,56174.81,West Zone,Home Electronics,6,616.19,0.0,2025-01-02 13:01,UPI Payment
TXN-201742,CUST-5469,69.0,Male,58997.77,West Zone,Apparel & Fashion,7,30.08,0.0,2025-01-02 13:02,UPI Payment
TXN-201743,CUST-5910,51.0,Male,61531.08,South Zone,Books & Media,2,25.01,0.0,2025-01-02 13:03,Digital Wallet
TXN-201744,CUST-5735,58.0,Male,51069.68,North Zone,Home Electronics,3,441.69,0.05,2025-01-02 13:04,NetBanking
TXN-201745,CUST-5823,68.0,Male,60612.88,West Zone,Beauty & Health,2,414.45,0.0,2025-01-02 13:05,Digital Wallet
TXN-201746,CUST-5944,64.0,Female,24640.99,West Zone,Beauty & Health,1,379.61,0.0,2025-01-02 13:06,Digital Wallet
TXN-201747,CUST-5978,35.0,Male,72153.46,West Zone,Home Electronics,5,260.83,0.0,2025-01-02 13:07,Credit Card
TXN-201748,CUST-5007,75.0,Male,105507.78,East Zone,Beauty & Health,5,838.72,0.0,2025-01-02 13:08,Digital Wallet
TXN-201749,CUST-5330,28.0,Female,51787.19,North Zone,Home Electronics,2,235.19,0.25,2025-01-02 13:09,NetBanking
TXN-201750,CUST-5775,74.0,Female,68915.99,East Zone,Home Electronics,3,419.34,0.05,2025-01-02 13:10,UPI Payment
TXN-201751,CUST-5673,40.0,Female,77754.16,East Zone,Beauty & Health,4,347.43,0.0,2025-01-02 13:11,Digital Wallet
TXN-201752,CUST-5151,65.0,Female,85683.98,West Zone,Electronics,6,149.28,0.0,2025-01-02 13:12,Digital Wallet
TXN-201753,CUST-5085,81.0,Male,57110.05,West Zone,Apparel & Fashion,2,176.61,0.05,2025-01-02 13:13,UPI Payment
TXN-201754,CUST-5147,39.0,Female,28638.63,South Zone,Books & Media,2,781.01,0.0,2025-01-02 13:14,Digital Wallet
TXN-201755,CUST-5624,34.0,Female,66943.79,North Zone,Apparel & Fashion,6,730.32,0.1,2025-01-02 13:15,NetBanking
TXN-201756,CUST-5381,22.0,Male,64379.63,North Zone,Books & Media,7,173.59,0.0,2025-01-02 13:16,Digital Wallet
TXN-201757,CUST-5915,61.0,Female,55605.17,West Zone,Books & Media,4,745.0,0.0,2025-01-02 13:17,Credit Card
TXN-201758,CUST-5548,28.0,Female,59530.03,West Zone,Apparel & Fashion,2,182.16,0.25,2025-01-02 13:18,Digital Wallet
TXN-201759,CUST-5285,47.0,Male,64658.09,North Zone,Home Electronics,1,534.62,0.0,2025-01-02 13:19,Credit Card
TXN-201760,CUST-5700,32.0,Male,68692.6,South Zone,Beauty & Health,4,74.14,0.0,2025-01-02 13:20,UPI Payment
TXN-201761,CUST-5082,,Male,67916.48,West Zone,Electronics,1,748.97,0.05,2025-01-02 13:21,UPI Payment
TXN-201762,CUST-5514,52.0,Male,57972.82,South Zone,Electronics,5,48.99,0.1,2025-01-02 13:22,Digital Wallet
TXN-201763,CUST-5897,50.0,Male,69109.16,East Zone,Electronics,6,474.15,0.05,2025-01-02 13:23,Digital Wallet
TXN-201764,CUST-5815,37.0,Female,56726.93,West Zone,Apparel & Fashion,4,663.97,0.05,2025-01-02 13:24,UPI Payment
TXN-201765,CUST-5709,78.0,Male,73877.47,East Zone,Apparel & Fashion,7,104.17,0.0,2025-01-02 13:25,Credit Card
TXN-201766,CUST-5916,33.0,Female,50392.31,West Zone,Home Electronics,4,347.08,0.0,2025-01-02 13:26,UPI Payment
TXN-201767,CUST-5523,51.0,Female,63351.58,East Zone,Electronics,3,40.93,0.0,2025-01-02 13:27,UPI Payment
TXN-201768,CUST-5746,19.0,Female,31960.84,West Zone,Home Electronics,3,582.08,0.05,2025-01-02 13:28,Credit Card
TXN-201769,CUST-5386,52.0,Female,55156.66,South Zone,Electronics,6,265.14,0.0,2025-01-02 13:29,UPI Payment
TXN-201770,CUST-5707,57.0,Male,72498.54,South Zone,Apparel & Fashion,7,477.91,0.0,2025-01-02 13:30,Digital Wallet
TXN-201771,CUST-5471,73.0,Female,,South Zone,Beauty & Health,4,793.19,0.25,2025-01-02 13:31,Digital Wallet
TXN-201772,CUST-5119,45.0,Female,56078.14,East Zone,Beauty & Health,5,263.8,0.0,2025-01-02 13:32,UPI Payment
TXN-201773,CUST-5396,64.0,Female,17506.21,South Zone,Beauty & Health,7,46.57,0.0,2025-01-02 13:33,Digital Wallet
TXN-201774,CUST-5532,56.0,Female,36690.63,East Zone,Beauty & Health,2,576.07,0.0,2025-01-02 13:34,NetBanking
TXN-201775,CUST-5261,23.0,Male,41530.22,West Zone,Books & Media,6,669.99,0.0,2025-01-02 13:35,UPI Payment
TXN-201776,CUST-5805,26.0,Female,63882.39,East Zone,Electronics,7,814.42,0.0,2025-01-02 13:36,NetBanking
TXN-201777,CUST-5934,37.0,Male,68168.07,West Zone,Beauty & Health,6,138.76,0.0,2025-01-02 13:37,UPI Payment
TXN-201778,CUST-5256,77.0,Female,60962.97,North Zone,Books & Media,7,336.66,0.0,2025-01-02 13:38,UPI Payment
TXN-201779,CUST-5734,18.0,Other,54922.02,North Zone,Books & Media,3,718.38,0.0,2025-01-02 13:39,NetBanking
TXN-201780,CUST-5905,25.0,Male,54986.62,North Zone,Books & Media,5,686.9,0.0,2025-01-02 13:40,UPI Payment
TXN-201781,CUST-5226,72.0,Female,75246.85,East Zone,Home Electronics,6,533.14,0.0,2025-01-02 13:41,Digital Wallet
TXN-201782,CUST-5053,40.0,Male,65937.17,North Zone,Home Electronics,5,232.98,0.0,2025-01-02 13:42,NetBanking
TXN-201783,CUST-5940,81.0,Male,55822.01,North Zone,Books & Media,6,245.37,0.0,2025-01-02 13:43,UPI Payment
TXN-201784,CUST-5867,80.0,Female,85926.04,North Zone,Beauty & Health,3,110.22,0.0,2025-01-02 13:44,Digital Wallet
TXN-201785,CUST-5500,20.0,Female,98074.54,West Zone,Electronics,2,784.01,0.1,2025-01-02 13:45,NetBanking
TXN-201786,CUST-5506,21.0,Female,38953.76,South Zone,Apparel & Fashion,3,151.54,0.1,2025-01-02 13:46,NetBanking
TXN-201787,CUST-5854,75.0,Female,71666.44,East Zone,Home Electronics,6,489.3,0.0,2025-01-02 13:47,Digital Wallet
TXN-201788,CUST-5364,42.0,Female,119162.96,North Zone,Beauty & Health,5,498.98,0.0,2025-01-02 13:48,UPI Payment
TXN-201789,CUST-5280,64.0,Female,67183.8,West Zone,Beauty & Health,1,317.63,0.0,2025-01-02 13:49,UPI Payment
TXN-201790,CUST-5593,55.0,Other,64135.69,South Zone,Apparel & Fashion,3,303.2,0.05,2025-01-02 13:50,NetBanking
TXN-201791,CUST-5714,32.0,Male,60968.92,South Zone,Apparel & Fashion,5,570.12,0.25,2025-01-02 13:51,Credit Card
TXN-201792,CUST-5158,80.0,Other,71068.36,South Zone,Beauty & Health,7,333.42,0.0,2025-01-02 13:52,UPI Payment
TXN-201793,CUST-5632,38.0,Male,75965.63,West Zone,Apparel & Fashion,7,220.94,0.05,2025-01-02 13:53,UPI Payment
TXN-201794,CUST-5059,52.0,Female,38971.81,North Zone,Beauty & Health,3,342.57,0.1,2025-01-02 13:54,Digital Wallet
TXN-201795,CUST-5727,74.0,Male,61510.05,South Zone,Apparel & Fashion,6,687.57,0.0,2025-01-02 13:55,Credit Card
TXN-201796,CUST-5128,70.0,Male,20014.29,West Zone,Apparel & Fashion,7,821.69,0.0,2025-01-02 13:56,Credit Card
TXN-201797,CUST-5736,70.0,Male,58127.64,West Zone,Beauty & Health,5,542.56,0.0,2025-01-02 13:57,NetBanking
TXN-201798,CUST-5721,63.0,Female,45300.26,East Zone,Books & Media,2,665.98,0.0,2025-01-02 13:58,Digital Wallet
TXN-201799,CUST-5882,69.0,Male,68274.79,West Zone,Beauty & Health,5,455.47,0.0,2025-01-02 13:59,Digital Wallet
TXN-201800,CUST-5115,31.0,Male,31356.96,South Zone,Electronics,7,533.16,0.1,2025-01-02 14:00,UPI Payment
TXN-201801,CUST-5209,53.0,Female,52522.13,South Zone,Apparel & Fashion,7,839.94,0.0,2025-01-02 14:01,NetBanking
TXN-201802,CUST-5526,29.0,Female,79881.07,West Zone,Home Electronics,4,375.74,0.0,2025-01-02 14:02,UPI Payment
TXN-201803,CUST-5521,34.0,Male,49487.84,South Zone,Apparel & Fashion,1,61.45,0.1,2025-01-02 14:03,Credit Card
TXN-201804,CUST-5552,56.0,Male,26758.69,West Zone,Electronics,6,813.69,0.0,2025-01-02 14:04,Digital Wallet
TXN-201805,CUST-5962,26.0,Male,66764.36,South Zone,Home Electronics,5,675.24,0.0,2025-01-02 14:05,NetBanking
TXN-201806,CUST-5237,,Male,51149.21,East Zone,Home Electronics,7,341.87,0.0,2025-01-02 14:06,UPI Payment
TXN-201807,CUST-5281,77.0,Female,58561.12,North Zone,Beauty & Health,6,835.13,0.0,2025-01-02 14:07,UPI Payment
TXN-201808,CUST-5359,30.0,Female,48497.41,East Zone,Books & Media,3,297.3,0.0,2025-01-02 14:08,Credit Card
TXN-201809,CUST-5201,32.0,Female,98526.34,East Zone,Beauty & Health,3,319.76,0.1,2025-01-02 14:09,Digital Wallet
TXN-201810,CUST-5758,35.0,Male,33175.65,North Zone,Home Electronics,5,520.42,0.0,2025-01-02 14:10,Credit Card
TXN-201811,CUST-5278,68.0,Female,114419.67,South Zone,Home Electronics,4,237.19,0.05,2025-01-02 14:11,UPI Payment
TXN-201812,CUST-5235,50.0,Female,54773.22,North Zone,Books & Media,7,595.44,0.0,2025-01-02 14:12,Digital Wallet
TXN-201813,CUST-5494,23.0,Female,65393.76,West Zone,Apparel & Fashion,5,134.58,0.25,2025-01-02 14:13,Digital Wallet
TXN-201814,CUST-5004,76.0,Female,51366.27,North Zone,Books & Media,2,96.73,0.05,2025-01-02 14:14,Credit Card
TXN-201815,CUST-5666,44.0,Female,50592.28,East Zone,Beauty & Health,4,457.2,0.25,2025-01-02 14:15,Digital Wallet
TXN-201816,CUST-5442,40.0,Female,47480.65,North Zone,Apparel & Fashion,7,474.61,0.0,2025-01-02 14:16,Credit Card
TXN-201817,CUST-5029,76.0,Male,73123.27,South Zone,Beauty & Health,7,95.57,0.1,2025-01-02 14:17,Digital Wallet
TXN-201818,CUST-5109,44.0,Other,35900.21,East Zone,Books & Media,6,819.75,0.1,2025-01-02 14:18,Digital Wallet
TXN-201819,CUST-5610,51.0,Female,68736.01,West Zone,Apparel & Fashion,5,489.64,0.05,2025-01-02 14:19,NetBanking
TXN-201820,CUST-5727,73.0,Female,21586.88,South Zone,Books & Media,7,133.05,0.0,2025-01-02 14:20,Digital Wallet
TXN-201821,CUST-5805,63.0,Male,,East Zone,Electronics,6,268.51,0.0,2025-01-02 14:21,UPI Payment
TXN-201822,CUST-5075,55.0,Female,295000.0,West Zone,Home Electronics,7,681.3,0.0,2025-01-02 14:22,NetBanking
TXN-201823,CUST-5838,31.0,Female,38421.4,South Zone,Apparel & Fashion,1,447.37,0.0,2025-01-02 14:23,Credit Card
TXN-201824,CUST-5146,53.0,Male,74556.74,West Zone,Home Electronics,4,164.39,0.05,2025-01-02 14:24,UPI Payment
TXN-201825,CUST-5128,70.0,Male,62950.63,North Zone,Electronics,5,92.36,0.05,2025-01-02 14:25,Credit Card
TXN-201826,CUST-5853,25.0,Female,91570.89,North Zone,Apparel & Fashion,1,369.29,0.0,2025-01-02 14:26,Credit Card
TXN-201827,CUST-5042,79.0,Female,46178.68,West Zone,Home Electronics,5,290.45,0.0,2025-01-02 14:27,UPI Payment
TXN-201828,CUST-5356,52.0,Female,114095.74,North Zone,Home Electronics,2,559.42,0.0,2025-01-02 14:28,Credit Card
TXN-201829,CUST-5041,36.0,Male,17770.53,West Zone,Apparel & Fashion,3,786.87,0.0,2025-01-02 14:29,NetBanking
TXN-201830,CUST-5934,47.0,Female,55904.18,South Zone,Home Electronics,6,214.71,0.0,2025-01-02 14:30,UPI Payment
TXN-201831,CUST-5034,80.0,Male,30576.46,East Zone,Home Electronics,5,727.75,0.05,2025-01-02 14:31,Credit Card
TXN-201832,CUST-5017,31.0,Male,96244.5,West Zone,Apparel & Fashion,4,782.83,0.0,2025-01-02 14:32,Credit Card
TXN-201833,CUST-5677,76.0,Male,57158.53,East Zone,Home Electronics,5,767.24,0.05,2025-01-02 14:33,Digital Wallet
TXN-201834,CUST-5153,37.0,Male,58823.83,East Zone,Home Electronics,5,809.53,0.0,2025-01-02 14:34,Digital Wallet
TXN-201835,CUST-5998,66.0,Male,70199.9,West Zone,Beauty & Health,5,716.66,0.1,2025-01-02 14:35,Credit Card
TXN-201836,CUST-5378,42.0,Male,61911.1,North Zone,Beauty & Health,7,506.7,0.0,2025-01-02 14:36,UPI Payment
TXN-201837,CUST-5588,57.0,Male,51015.41,South Zone,Electronics,5,351.62,0.0,2025-01-02 14:37,NetBanking
TXN-201838,CUST-5599,41.0,Male,38752.03,East Zone,Beauty & Health,7,420.73,0.0,2025-01-02 14:38,Credit Card
TXN-201839,CUST-5629,31.0,Female,65117.5,South Zone,Beauty & Health,4,742.42,0.0,2025-01-02 14:39,Credit Card
TXN-201840,CUST-5874,43.0,Female,69008.42,East Zone,Electronics,4,260.03,0.0,2025-01-02 14:40,Credit Card
TXN-201841,CUST-5342,55.0,Male,74864.48,West Zone,Home Electronics,5,140.0,0.05,2025-01-02 14:41,Digital Wallet
TXN-201842,CUST-5981,40.0,Female,97385.45,North Zone,Home Electronics,7,124.42,0.0,2025-01-02 14:42,UPI Payment
TXN-201843,CUST-5027,39.0,Male,21785.28,South Zone,Beauty & Health,3,703.9,0.0,2025-01-02 14:43,Credit Card
TXN-201844,CUST-5825,65.0,Female,60747.23,East Zone,Electronics,5,648.57,0.05,2025-01-02 14:44,Digital Wallet
TXN-201845,CUST-5287,74.0,Male,84047.15,West Zone,Home Electronics,6,425.76,0.0,2025-01-02 14:45,Credit Card
TXN-201846,CUST-5646,36.0,Male,59696.34,West Zone,Books & Media,6,237.63,0.0,2025-01-02 14:46,Credit Card
TXN-201847,CUST-5731,63.0,Female,18743.81,East Zone,Apparel & Fashion,4,577.74,0.1,2025-01-02 14:47,UPI Payment
TXN-201848,CUST-5168,68.0,Female,38115.77,East Zone,Apparel & Fashion,6,37.96,0.0,2025-01-02 14:48,Digital Wallet
TXN-201849,CUST-5610,20.0,Female,68078.54,East Zone,Apparel & Fashion,6,485.37,0.05,2025-01-02 14:49,NetBanking
TXN-201850,CUST-5268,59.0,Female,67405.65,North Zone,Beauty & Health,2,341.97,0.05,2025-01-02 14:50,UPI Payment
TXN-201851,CUST-5749,36.0,Other,74441.61,East Zone,Apparel & Fashion,5,831.3,0.1,2025-01-02 14:51,NetBanking
TXN-201852,CUST-5821,26.0,Male,47551.33,East Zone,Apparel & Fashion,5,434.13,0.05,2025-01-02 14:52,Digital Wallet
TXN-201853,CUST-5455,45.0,Male,66807.84,North Zone,Books & Media,5,471.89,0.0,2025-01-02 14:53,Digital Wallet
TXN-201854,CUST-5906,37.0,Male,44501.53,West Zone,Home Electronics,5,607.09,0.0,2025-01-02 14:54,NetBanking
TXN-201855,CUST-5685,62.0,Male,66809.22,East Zone,Books & Media,1,414.69,0.25,2025-01-02 14:55,Digital Wallet
TXN-201856,CUST-5401,24.0,Female,62984.43,South Zone,Beauty & Health,5,195.15,0.0,2025-01-02 14:56,UPI Payment
TXN-201857,CUST-5922,31.0,Female,46814.09,West Zone,Apparel & Fashion,7,459.23,0.05,2025-01-02 14:57,Credit Card
TXN-201858,CUST-5981,80.0,Male,90826.4,South Zone,Home Electronics,4,802.94,0.1,2025-01-02 14:58,NetBanking
TXN-201859,CUST-5476,26.0,Female,30445.73,East Zone,Apparel & Fashion,7,351.67,0.05,2025-01-02 14:59,Credit Card
TXN-201860,CUST-5702,76.0,Female,59380.01,North Zone,Apparel & Fashion,4,579.46,0.0,2025-01-02 15:00,NetBanking
TXN-201861,CUST-5634,77.0,Male,46406.25,North Zone,Beauty & Health,1,831.45,0.0,2025-01-02 15:01,Credit Card
TXN-201862,CUST-5558,72.0,Male,95932.74,North Zone,Apparel & Fashion,5,706.37,0.0,2025-01-02 15:02,Credit Card
TXN-201863,CUST-5576,74.0,Male,73070.36,East Zone,Electronics,3,562.05,0.0,2025-01-02 15:03,UPI Payment
TXN-201864,CUST-5130,77.0,Male,49987.76,East Zone,Home Electronics,7,627.05,0.25,2025-01-02 15:04,Credit Card
TXN-201865,CUST-5822,36.0,Male,56825.27,South Zone,Home Electronics,5,796.36,0.05,2025-01-02 15:05,NetBanking
TXN-201866,CUST-5363,64.0,Female,96433.26,North Zone,Electronics,4,816.01,0.05,2025-01-02 15:06,Credit Card
TXN-201867,CUST-5705,69.0,Male,44493.9,East Zone,Beauty & Health,7,823.79,0.0,2025-01-02 15:07,Digital Wallet
TXN-201868,CUST-5819,31.0,Male,29357.71,West Zone,Apparel & Fashion,2,533.85,0.0,2025-01-02 15:08,Credit Card
TXN-201869,CUST-5693,73.0,Other,67383.63,East Zone,Apparel & Fashion,6,330.39,0.0,2025-01-02 15:09,Credit Card
TXN-201870,CUST-5292,55.0,Female,67802.35,East Zone,Home Electronics,2,117.95,0.0,2025-01-02 15:10,Digital Wallet
TXN-201871,CUST-5371,70.0,Female,74321.64,West Zone,Beauty & Health,3,331.1,0.0,2025-01-02 15:11,Digital Wallet
TXN-201872,CUST-5794,78.0,Male,74443.58,North Zone,Beauty & Health,5,801.83,0.0,2025-01-02 15:12,NetBanking
TXN-201873,CUST-5029,53.0,Male,94758.05,West Zone,Beauty & Health,1,756.93,0.0,2025-01-02 15:13,Digital Wallet
TXN-201874,CUST-5149,57.0,Female,30214.46,North Zone,Apparel & Fashion,5,447.73,0.0,2025-01-02 15:14,Digital Wallet
TXN-201875,CUST-5779,34.0,Male,39748.14,West Zone,Beauty & Health,3,459.0,0.25,2025-01-02 15:15,NetBanking
TXN-201876,CUST-5296,47.0,Male,74250.76,South Zone,Electronics,3,266.38,0.0,2025-01-02 15:16,NetBanking
TXN-201877,CUST-5011,26.0,Female,41545.93,North Zone,Books & Media,6,389.33,0.05,2025-01-02 15:17,Credit Card
TXN-201878,CUST-5512,81.0,Female,35053.12,East Zone,Beauty & Health,3,608.85,0.0,2025-01-02 15:18,UPI Payment
TXN-201879,CUST-5676,50.0,Male,96518.12,South Zone,Books & Media,2,345.35,0.0,2025-01-02 15:19,NetBanking
TXN-201880,CUST-5113,73.0,Female,32031.07,North Zone,Apparel & Fashion,6,164.25,0.0,2025-01-02 15:20,Digital Wallet
TXN-201881,CUST-5187,69.0,Male,55501.47,North Zone,Beauty & Health,5,462.26,0.05,2025-01-02 15:21,Credit Card
TXN-201882,CUST-5807,42.0,Male,60901.7,North Zone,Home Electronics,7,195.8,0.0,2025-01-02 15:22,Digital Wallet
TXN-201883,CUST-5744,31.0,Male,86219.03,West Zone,Apparel & Fashion,5,828.29,0.0,2025-01-02 15:23,NetBanking
TXN-201884,CUST-5227,28.0,Male,27427.14,North Zone,Electronics,1,335.14,0.1,2025-01-02 15:24,UPI Payment
TXN-201885,CUST-5310,70.0,Male,69686.29,East Zone,Electronics,3,773.71,0.0,2025-01-02 15:25,Credit Card
TXN-201886,CUST-5098,52.0,Other,45528.02,North Zone,Books & Media,3,195.98,0.0,2025-01-02 15:26,NetBanking
TXN-201887,CUST-5055,58.0,Female,73610.81,East Zone,Books & Media,4,165.29,0.0,2025-01-02 15:27,NetBanking
TXN-201888,CUST-5623,76.0,Female,45224.06,East Zone,Home Electronics,6,526.47,0.0,2025-01-02 15:28,Digital Wallet
TXN-201889,CUST-5664,31.0,Male,91087.67,East Zone,Home Electronics,4,663.69,0.05,2025-01-02 15:29,UPI Payment
TXN-201890,CUST-5758,47.0,Male,45332.05,South Zone,Electronics,6,484.13,0.05,2025-01-02 15:30,NetBanking
TXN-201891,CUST-5406,58.0,Male,16453.38,East Zone,Beauty & Health,2,199.56,0.0,2025-01-02 15:31,Digital Wallet
TXN-201892,CUST-5069,21.0,Male,47406.29,West Zone,Electronics,6,37.5,0.0,2025-01-02 15:32,Credit Card
TXN-201893,CUST-5312,76.0,Male,57165.95,North Zone,Electronics,5,527.64,0.1,2025-01-02 15:33,Digital Wallet
TXN-201894,CUST-5289,21.0,Female,82023.55,West Zone,Home Electronics,1,116.16,0.0,2025-01-02 15:34,Credit Card
TXN-201895,CUST-5762,45.0,Female,38719.33,South Zone,Books & Media,7,295.31,0.1,2025-01-02 15:35,Digital Wallet
TXN-201896,CUST-5548,25.0,Female,39085.05,North Zone,Home Electronics,6,576.2,0.0,2025-01-02 15:36,UPI Payment
TXN-201897,CUST-5751,19.0,Female,79770.69,East Zone,Home Electronics,6,88.28,0.05,2025-01-02 15:37,Digital Wallet
TXN-201898,CUST-5148,58.0,Female,36558.34,North Zone,Home Electronics,6,112.96,0.25,2025-01-02 15:38,UPI Payment
TXN-201899,CUST-5467,78.0,Male,58688.81,South Zone,Electronics,1,57.58,0.05,2025-01-02 15:39,UPI Payment
TXN-201900,CUST-5739,63.0,Male,59064.95,South Zone,Beauty & Health,3,846.69,0.0,2025-01-02 15:40,Credit Card
TXN-201901,CUST-5244,39.0,Male,66025.22,West Zone,Electronics,1,332.39,0.05,2025-01-02 15:41,Digital Wallet
TXN-201902,CUST-5491,58.0,Female,48127.81,North Zone,Apparel & Fashion,3,770.44,0.0,2025-01-02 15:42,Digital Wallet
TXN-201903,CUST-5849,73.0,Other,44850.6,North Zone,Home Electronics,7,253.43,0.05,2025-01-02 15:43,Digital Wallet
TXN-201904,CUST-5958,80.0,Male,68195.55,North Zone,Home Electronics,5,641.58,0.0,2025-01-02 15:44,UPI Payment
TXN-201905,CUST-5507,80.0,Female,45424.08,West Zone,Apparel & Fashion,1,190.5,0.05,2025-01-02 15:45,NetBanking
TXN-201906,CUST-5365,72.0,Female,36840.57,South Zone,Home Electronics,3,426.34,0.0,2025-01-02 15:46,Digital Wallet
TXN-201907,CUST-5482,33.0,Male,295000.0,East Zone,Home Electronics,5,701.89,0.0,2025-01-02 15:47,Digital Wallet
TXN-201908,CUST-5201,46.0,Male,71029.76,North Zone,Home Electronics,5,694.89,0.05,2025-01-02 15:48,NetBanking
TXN-201909,CUST-5154,79.0,Male,94698.79,West Zone,Apparel & Fashion,3,676.27,0.0,2025-01-02 15:49,Credit Card
TXN-201910,CUST-5450,66.0,Other,76503.4,West Zone,Electronics,3,701.14,0.1,2025-01-02 15:50,Digital Wallet
TXN-201911,CUST-5501,65.0,Male,38539.34,East Zone,Home Electronics,2,184.09,0.1,2025-01-02 15:51,NetBanking
TXN-201912,CUST-5073,47.0,Female,63782.83,South Zone,Beauty & Health,5,412.73,0.25,2025-01-02 15:52,Digital Wallet
TXN-201913,CUST-5713,29.0,Male,43210.88,North Zone,Apparel & Fashion,3,414.97,0.05,2025-01-02 15:53,UPI Payment
TXN-201914,CUST-5296,52.0,Female,31445.22,North Zone,Books & Media,5,757.53,0.0,2025-01-02 15:54,NetBanking
TXN-201915,CUST-5017,28.0,Male,53726.81,West Zone,Apparel & Fashion,1,256.23,0.0,2025-01-02 15:55,UPI Payment
TXN-201916,CUST-5641,81.0,Female,80158.36,South Zone,Electronics,7,792.15,0.0,2025-01-02 15:56,NetBanking
TXN-201917,CUST-5217,63.0,Female,67085.89,North Zone,Apparel & Fashion,4,386.2,0.0,2025-01-02 15:57,Credit Card
TXN-201918,CUST-5061,67.0,Female,36268.46,East Zone,Books & Media,4,571.14,0.0,2025-01-02 15:58,UPI Payment
TXN-201919,CUST-5939,38.0,Female,53076.68,South Zone,Beauty & Health,6,232.57,0.05,2025-01-02 15:59,Digital Wallet
TXN-201920,CUST-5616,80.0,Male,59356.97,South Zone,Books & Media,3,352.0,0.0,2025-01-02 16:00,NetBanking
TXN-201921,CUST-5042,38.0,Female,30751.42,West Zone,Apparel & Fashion,3,604.93,0.0,2025-01-02 16:01,Digital Wallet
TXN-201922,CUST-5025,22.0,Male,75193.69,West Zone,Books & Media,5,438.51,0.05,2025-01-02 16:02,Credit Card
TXN-201923,CUST-5039,65.0,Male,57768.4,North Zone,Apparel & Fashion,6,791.48,0.0,2025-01-02 16:03,NetBanking
TXN-201924,CUST-5803,37.0,Female,36274.0,West Zone,Beauty & Health,3,628.0,0.0,2025-01-02 16:04,Credit Card
TXN-201925,CUST-5131,54.0,Male,35227.29,South Zone,Beauty & Health,5,482.14,0.0,2025-01-02 16:05,NetBanking
TXN-201926,CUST-5498,20.0,Female,82362.28,North Zone,Electronics,3,754.29,0.05,2025-01-02 16:06,UPI Payment
TXN-201927,CUST-5229,61.0,Other,54954.96,North Zone,Beauty & Health,5,567.56,0.05,2025-01-02 16:07,Digital Wallet
TXN-201928,CUST-5108,50.0,Male,84021.51,South Zone,Home Electronics,3,552.16,0.05,2025-01-02 16:08,UPI Payment
TXN-201929,CUST-5172,,Female,91084.88,North Zone,Books & Media,2,213.56,0.0,2025-01-02 16:09,UPI Payment
TXN-201930,CUST-5435,78.0,Male,80915.29,East Zone,Books & Media,7,338.96,0.05,2025-01-02 16:10,UPI Payment
TXN-201931,CUST-5478,26.0,Male,52131.51,East Zone,Apparel & Fashion,5,582.55,0.05,2025-01-02 16:11,UPI Payment
TXN-201932,CUST-5102,78.0,Male,15789.83,North Zone,Beauty & Health,7,758.62,0.0,2025-01-02 16:12,NetBanking
TXN-201933,CUST-5866,26.0,Female,67790.43,West Zone,Electronics,2,271.98,0.0,2025-01-02 16:13,Digital Wallet
TXN-201934,CUST-5524,21.0,Female,100694.16,East Zone,Electronics,2,187.48,0.05,2025-01-02 16:14,NetBanking
TXN-201935,CUST-5275,52.0,Female,61345.28,North Zone,Electronics,2,506.88,0.0,2025-01-02 16:15,NetBanking
TXN-201936,CUST-5613,34.0,Other,25188.41,East Zone,Home Electronics,2,62.25,0.05,2025-01-02 16:16,NetBanking
TXN-201937,CUST-5044,51.0,Male,49514.75,West Zone,Beauty & Health,1,608.93,0.0,2025-01-02 16:17,UPI Payment
TXN-201938,CUST-5955,41.0,Male,58600.93,South Zone,Electronics,7,599.3,0.0,2025-01-02 16:18,Credit Card
TXN-201939,CUST-5817,49.0,Female,41687.21,North Zone,Home Electronics,6,305.27,0.0,2025-01-02 16:19,UPI Payment
TXN-201940,CUST-5957,,Female,14566.85,North Zone,Books & Media,7,759.37,0.0,2025-01-02 16:20,NetBanking
TXN-201941,CUST-5017,25.0,Male,60189.76,North Zone,Apparel & Fashion,4,429.59,0.0,2025-01-02 16:21,UPI Payment
TXN-201942,CUST-5330,62.0,Male,47479.79,North Zone,Beauty & Health,1,550.85,0.1,2025-01-02 16:22,Digital Wallet
TXN-201943,CUST-5569,40.0,Female,94794.8,North Zone,Beauty & Health,3,182.49,0.1,2025-01-02 16:23,Digital Wallet
TXN-201944,CUST-5823,64.0,Female,63869.12,North Zone,Books & Media,3,357.94,0.05,2025-01-02 16:24,UPI Payment
TXN-201945,CUST-5497,57.0,Male,70687.21,West Zone,Beauty & Health,6,733.81,0.05,2025-01-02 16:25,UPI Payment
TXN-201946,CUST-5815,29.0,Female,59796.91,South Zone,Beauty & Health,4,185.33,0.0,2025-01-02 16:26,Credit Card
TXN-201947,CUST-5012,71.0,Female,63734.07,West Zone,Beauty & Health,4,335.34,0.05,2025-01-02 16:27,UPI Payment
TXN-201948,CUST-5318,29.0,Female,31432.46,West Zone,Beauty & Health,4,274.12,0.0,2025-01-02 16:28,UPI Payment
TXN-201949,CUST-5592,63.0,Male,42756.92,South Zone,Home Electronics,2,133.11,0.0,2025-01-02 16:29,Credit Card
TXN-201950,CUST-5216,64.0,Female,82139.37,West Zone,Home Electronics,1,250.17,0.0,2025-01-02 16:30,UPI Payment
TXN-201951,CUST-5339,32.0,Male,65875.05,East Zone,Apparel & Fashion,3,202.08,0.0,2025-01-02 16:31,UPI Payment
TXN-201952,CUST-5776,58.0,Male,54627.62,West Zone,Beauty & Health,1,785.47,0.0,2025-01-02 16:32,UPI Payment
TXN-201953,CUST-5991,36.0,Female,70994.17,North Zone,Books & Media,1,631.34,0.0,2025-01-02 16:33,UPI Payment
TXN-201954,CUST-5661,43.0,Female,71358.45,East Zone,Electronics,1,272.45,0.0,2025-01-02 16:34,UPI Payment
TXN-201955,CUST-5081,69.0,Male,98831.55,East Zone,Apparel & Fashion,4,650.14,0.05,2025-01-02 16:35,NetBanking
TXN-201956,CUST-5727,46.0,Female,65016.73,South Zone,Electronics,6,24.2,0.0,2025-01-02 16:36,UPI Payment
TXN-201957,CUST-5485,39.0,Female,42343.61,West Zone,Electronics,6,450.15,0.0,2025-01-02 16:37,Credit Card
TXN-201958,CUST-5374,57.0,Female,59859.62,West Zone,Beauty & Health,4,216.91,0.1,2025-01-02 16:38,UPI Payment
TXN-201959,CUST-5976,38.0,Female,73239.96,East Zone,Books & Media,3,102.04,0.0,2025-01-02 16:39,NetBanking
TXN-201960,CUST-5710,68.0,Female,80419.69,West Zone,Electronics,3,751.83,0.1,2025-01-02 16:40,Credit Card
TXN-201961,CUST-5200,55.0,Female,32121.91,West Zone,Electronics,3,173.84,0.05,2025-01-02 16:41,Credit Card
TXN-201962,CUST-5537,37.0,Male,66693.57,South Zone,Apparel & Fashion,6,700.01,0.0,2025-01-02 16:42,UPI Payment
TXN-201963,CUST-5466,74.0,Male,45400.78,East Zone,Books & Media,6,354.47,0.0,2025-01-02 16:43,Digital Wallet
TXN-201964,CUST-5089,46.0,Male,51517.31,North Zone,Books & Media,1,17.57,0.0,2025-01-02 16:44,NetBanking
TXN-201965,CUST-5268,68.0,Female,77648.03,East Zone,Electronics,4,624.12,0.0,2025-01-02 16:45,Digital Wallet
TXN-201966,CUST-5655,21.0,Female,75805.6,South Zone,Books & Media,2,509.13,0.0,2025-01-02 16:46,UPI Payment
TXN-201967,CUST-5571,72.0,Male,49454.18,South Zone,Apparel & Fashion,1,296.15,0.0,2025-01-02 16:47,NetBanking
TXN-201968,CUST-5922,24.0,Male,59079.92,South Zone,Apparel & Fashion,5,243.27,0.0,2025-01-02 16:48,Digital Wallet
TXN-201969,CUST-5489,45.0,Female,52082.49,West Zone,Apparel & Fashion,6,67.73,0.05,2025-01-02 16:49,NetBanking
TXN-201970,CUST-5877,45.0,Male,115496.51,East Zone,Beauty & Health,1,800.53,0.0,2025-01-02 16:50,UPI Payment
TXN-201971,CUST-5538,21.0,Female,67149.63,West Zone,Electronics,4,422.67,0.1,2025-01-02 16:51,NetBanking
TXN-201972,CUST-5047,39.0,Male,46469.59,West Zone,Books & Media,5,77.73,0.0,2025-01-02 16:52,UPI Payment
TXN-201973,CUST-5288,29.0,Female,86460.09,East Zone,Apparel & Fashion,7,739.1,0.1,2025-01-02 16:53,Digital Wallet
TXN-201974,CUST-5778,62.0,Female,87113.04,South Zone,Electronics,1,240.97,0.0,2025-01-02 16:54,NetBanking
TXN-201975,CUST-5016,20.0,Male,95145.91,North Zone,Electronics,4,177.44,0.05,2025-01-02 16:55,Credit Card
TXN-201976,CUST-5711,39.0,Female,100627.88,North Zone,Beauty & Health,4,242.75,0.0,2025-01-02 16:56,UPI Payment
TXN-201977,CUST-5401,61.0,Male,75092.73,East Zone,Books & Media,6,482.28,0.05,2025-01-02 16:57,NetBanking
TXN-201978,CUST-5919,19.0,Female,55527.74,East Zone,Books & Media,2,68.04,0.0,2025-01-02 16:58,Credit Card
TXN-201979,CUST-5794,41.0,Female,58251.59,South Zone,Apparel & Fashion,1,412.34,0.0,2025-01-02 16:59,Credit Card
TXN-201980,CUST-5981,51.0,Male,56596.61,East Zone,Apparel & Fashion,4,761.96,0.0,2025-01-02 17:00,Credit Card
TXN-201981,CUST-5086,44.0,Female,54530.53,East Zone,Electronics,3,164.41,0.0,2025-01-02 17:01,Credit Card
TXN-201982,CUST-5250,72.0,Female,84938.83,South Zone,Books & Media,4,285.19,0.0,2025-01-02 17:02,UPI Payment
TXN-201983,CUST-5391,58.0,Male,62013.34,South Zone,Books & Media,2,340.02,0.0,2025-01-02 17:03,NetBanking
TXN-201984,CUST-5782,18.0,Male,79971.3,West Zone,Apparel & Fashion,4,500.56,0.0,2025-01-02 17:04,Credit Card
TXN-201985,CUST-5335,25.0,Female,74515.56,East Zone,Home Electronics,6,781.81,0.0,2025-01-02 17:05,NetBanking
TXN-201986,CUST-5629,40.0,Female,41674.88,North Zone,Electronics,7,338.69,0.05,2025-01-02 17:06,NetBanking
TXN-201987,CUST-5519,55.0,Female,30232.23,East Zone,Books & Media,1,63.9,0.25,2025-01-02 17:07,Digital Wallet
TXN-201988,CUST-5137,23.0,Female,39121.74,North Zone,Beauty & Health,6,299.34,0.0,2025-01-02 17:08,NetBanking
TXN-201989,CUST-5883,39.0,Female,54105.93,North Zone,Beauty & Health,1,166.03,0.05,2025-01-02 17:09,UPI Payment
TXN-201990,CUST-5688,42.0,Male,64485.07,North Zone,Home Electronics,5,555.92,0.0,2025-01-02 17:10,UPI Payment
TXN-201991,CUST-5840,35.0,Female,50006.44,West Zone,Apparel & Fashion,1,30.21,0.0,2025-01-02 17:11,Credit Card
TXN-201992,CUST-5498,34.0,Female,75006.71,South Zone,Apparel & Fashion,5,252.03,0.0,2025-01-02 17:12,NetBanking
TXN-201993,CUST-5827,78.0,Female,52237.82,South Zone,Apparel & Fashion,6,465.9,0.0,2025-01-02 17:13,UPI Payment
TXN-201994,CUST-5727,29.0,Male,66753.71,West Zone,Beauty & Health,3,239.71,0.1,2025-01-02 17:14,UPI Payment
TXN-201995,CUST-5477,23.0,Male,64175.26,South Zone,Apparel & Fashion,2,470.82,0.0,2025-01-02 17:15,UPI Payment
TXN-201996,CUST-5594,43.0,Male,94087.01,West Zone,Beauty & Health,3,102.37,0.05,2025-01-02 17:16,Credit Card
TXN-201997,CUST-5223,44.0,Male,43958.04,East Zone,Home Electronics,5,801.7,0.0,2025-01-02 17:17,UPI Payment
TXN-201998,CUST-5990,25.0,Male,102855.75,West Zone,Electronics,4,251.17,0.0,2025-01-02 17:18,NetBanking
TXN-201999,CUST-5372,36.0,Female,51004.53,South Zone,Books & Media,4,784.97,0.0,2025-01-02 17:19,UPI Payment
TXN-202000,CUST-5935,77.0,Female,37208.95,South Zone,Home Electronics,3,280.67,0.05,2025-01-02 17:20,UPI Payment
TXN-202001,CUST-5995,59.0,Male,57987.07,East Zone,Beauty & Health,4,665.76,0.0,2025-01-02 17:21,Credit Card
TXN-202002,CUST-5402,18.0,Female,121942.57,West Zone,Home Electronics,5,213.41,0.0,2025-01-02 17:22,NetBanking
TXN-202003,CUST-5443,74.0,Male,78561.3,East Zone,Books & Media,6,571.12,0.0,2025-01-02 17:23,UPI Payment
TXN-202004,CUST-5490,46.0,Male,73154.84,North Zone,Electronics,2,278.88,0.25,2025-01-02 17:24,NetBanking
TXN-202005,CUST-5615,62.0,Male,76710.96,West Zone,Books & Media,7,435.48,0.0,2025-01-02 17:25,NetBanking
TXN-202006,CUST-5273,66.0,Female,47762.52,East Zone,Beauty & Health,1,574.54,0.05,2025-01-02 17:26,UPI Payment
TXN-202007,CUST-5526,52.0,Male,68031.82,East Zone,Books & Media,5,502.81,0.0,2025-01-02 17:27,Credit Card
TXN-202008,CUST-5159,57.0,Male,62046.29,South Zone,Home Electronics,7,492.17,0.0,2025-01-02 17:28,NetBanking
TXN-202009,CUST-5152,31.0,Male,95467.73,West Zone,Apparel & Fashion,5,60.97,0.1,2025-01-02 17:29,Digital Wallet
TXN-202010,CUST-5995,52.0,Female,59989.28,North Zone,Home Electronics,1,215.85,0.05,2025-01-02 17:30,UPI Payment
TXN-202011,CUST-5620,65.0,Male,55001.88,North Zone,Beauty & Health,1,488.42,0.0,2025-01-02 17:31,NetBanking
TXN-202012,CUST-5188,62.0,Female,40451.21,West Zone,Electronics,2,20.97,0.0,2025-01-02 17:32,NetBanking
TXN-202013,CUST-5813,37.0,Female,,West Zone,Books & Media,2,217.17,0.0,2025-01-02 17:33,NetBanking
TXN-202014,CUST-5098,73.0,Female,67419.61,East Zone,Electronics,2,199.05,0.05,2025-01-02 17:34,UPI Payment
TXN-202015,CUST-5131,66.0,Female,39770.62,South Zone,Beauty & Health,4,216.5,0.0,2025-01-02 17:35,Digital Wallet
TXN-202016,CUST-5805,30.0,Male,70383.53,South Zone,Books & Media,5,457.82,0.1,2025-01-02 17:36,NetBanking
TXN-202017,CUST-5171,78.0,Male,66313.82,South Zone,Home Electronics,6,496.97,0.0,2025-01-02 17:37,NetBanking
TXN-202018,CUST-5936,55.0,Female,80748.75,West Zone,Home Electronics,1,773.15,0.0,2025-01-02 17:38,Credit Card
TXN-202019,CUST-5986,66.0,Male,84428.81,South Zone,Beauty & Health,5,331.5,0.1,2025-01-02 17:39,UPI Payment
TXN-202020,CUST-5183,63.0,Female,63744.17,East Zone,Books & Media,7,788.0,0.25,2025-01-02 17:40,UPI Payment
TXN-202021,CUST-5983,66.0,Female,42827.25,West Zone,Home Electronics,5,556.08,0.0,2025-01-02 17:41,NetBanking
TXN-202022,CUST-5364,79.0,Female,46633.5,West Zone,Beauty & Health,2,776.24,0.1,2025-01-02 17:42,Credit Card
TXN-202023,CUST-5039,25.0,Female,94599.36,South Zone,Beauty & Health,2,709.37,0.1,2025-01-02 17:43,NetBanking
TXN-202024,CUST-5527,60.0,Other,65061.55,North Zone,Electronics,5,586.16,0.05,2025-01-02 17:44,NetBanking
TXN-202025,CUST-5888,37.0,Female,94303.84,North Zone,Home Electronics,2,306.23,0.25,2025-01-02 17:45,UPI Payment
TXN-202026,CUST-5497,77.0,Male,71224.19,East Zone,Books & Media,4,209.12,0.0,2025-01-02 17:46,Credit Card
TXN-202027,CUST-5516,50.0,Female,75944.11,South Zone,Home Electronics,1,193.31,0.05,2025-01-02 17:47,NetBanking
TXN-202028,CUST-5349,43.0,Male,79366.39,South Zone,Home Electronics,7,809.61,0.1,2025-01-02 17:48,UPI Payment
TXN-202029,CUST-5982,56.0,Male,39371.93,West Zone,Home Electronics,5,815.02,0.0,2025-01-02 17:49,NetBanking
TXN-202030,CUST-5921,38.0,Female,67678.59,West Zone,Beauty & Health,1,617.62,0.0,2025-01-02 17:50,NetBanking
TXN-202031,CUST-5397,70.0,Male,39115.52,South Zone,Apparel & Fashion,4,751.87,0.0,2025-01-02 17:51,Credit Card
TXN-202032,CUST-5722,66.0,Male,56729.12,West Zone,Apparel & Fashion,7,781.59,0.1,2025-01-02 17:52,Credit Card
TXN-202033,CUST-5161,81.0,Male,73843.14,South Zone,Electronics,2,437.51,0.05,2025-01-02 17:53,Credit Card
TXN-202034,CUST-5016,79.0,Female,43031.32,East Zone,Home Electronics,3,536.74,0.0,2025-01-02 17:54,NetBanking
TXN-202035,CUST-5493,59.0,Female,72347.74,West Zone,Apparel & Fashion,4,359.14,0.0,2025-01-02 17:55,Digital Wallet
TXN-202036,CUST-5426,60.0,Female,34280.17,South Zone,Electronics,3,358.92,0.0,2025-01-02 17:56,Credit Card
TXN-202037,CUST-5108,71.0,Male,83151.42,West Zone,Beauty & Health,1,37.95,0.0,2025-01-02 17:57,Digital Wallet
TXN-202038,CUST-5894,79.0,Female,49707.91,East Zone,Home Electronics,5,371.86,0.0,2025-01-02 17:58,Digital Wallet
TXN-202039,CUST-5450,58.0,Female,42998.33,West Zone,Books & Media,7,574.26,0.0,2025-01-02 17:59,Digital Wallet
TXN-202040,CUST-5311,26.0,Male,35445.92,South Zone,Beauty & Health,2,361.86,0.1,2025-01-02 18:00,UPI Payment
TXN-202041,CUST-5739,41.0,Male,51281.95,West Zone,Electronics,7,742.25,0.0,2025-01-02 18:01,NetBanking
TXN-202042,CUST-5170,54.0,Male,26709.18,West Zone,Beauty & Health,4,286.35,0.25,2025-01-02 18:02,Credit Card
TXN-202043,CUST-5546,66.0,Other,51854.62,South Zone,Books & Media,2,117.55,0.0,2025-01-02 18:03,NetBanking
TXN-202044,CUST-5414,58.0,Female,82340.51,North Zone,Beauty & Health,3,690.86,0.25,2025-01-02 18:04,NetBanking
TXN-202045,CUST-5251,34.0,Female,58508.84,West Zone,Electronics,3,574.65,0.0,2025-01-02 18:05,UPI Payment
TXN-202046,CUST-5759,41.0,Male,40215.91,West Zone,Books & Media,6,209.72,0.05,2025-01-02 18:06,UPI Payment
TXN-202047,CUST-5781,38.0,Female,66185.87,East Zone,Books & Media,7,458.53,0.0,2025-01-02 18:07,UPI Payment
TXN-202048,CUST-5141,68.0,Female,64551.07,North Zone,Beauty & Health,5,344.86,0.0,2025-01-02 18:08,NetBanking
TXN-202049,CUST-5274,76.0,Female,98197.28,East Zone,Books & Media,3,798.37,0.0,2025-01-02 18:09,Digital Wallet
TXN-202050,CUST-5416,56.0,Other,76628.34,South Zone,Beauty & Health,5,518.39,0.0,2025-01-02 18:10,NetBanking
TXN-202051,CUST-5608,72.0,Male,67653.57,South Zone,Home Electronics,6,139.26,0.05,2025-01-02 18:11,UPI Payment
TXN-202052,CUST-5739,58.0,Male,78743.73,East Zone,Books & Media,4,429.56,0.0,2025-01-02 18:12,NetBanking
TXN-202053,CUST-5891,56.0,Female,59513.95,West Zone,Beauty & Health,6,733.93,0.25,2025-01-02 18:13,UPI Payment
TXN-202054,CUST-5039,30.0,Female,60604.86,North Zone,Home Electronics,5,572.58,0.0,2025-01-02 18:14,UPI Payment
TXN-202055,CUST-5814,81.0,Female,92690.4,East Zone,Books & Media,3,716.95,0.25,2025-01-02 18:15,Credit Card
TXN-202056,CUST-5029,28.0,Male,31741.79,East Zone,Home Electronics,1,216.96,0.0,2025-01-02 18:16,Digital Wallet
TXN-202057,CUST-5958,63.0,Female,79906.99,South Zone,Books & Media,5,755.71,0.0,2025-01-02 18:17,UPI Payment
TXN-202058,CUST-5477,36.0,Male,59950.36,West Zone,Electronics,2,643.61,0.0,2025-01-02 18:18,Credit Card
TXN-202059,CUST-5318,28.0,Male,56607.45,North Zone,Electronics,1,621.07,0.1,2025-01-02 18:19,Digital Wallet
TXN-202060,CUST-5245,30.0,Female,51771.43,East Zone,Beauty & Health,7,298.15,0.0,2025-01-02 18:20,UPI Payment
TXN-202061,CUST-5748,80.0,Female,64842.97,North Zone,Apparel & Fashion,5,755.13,0.0,2025-01-02 18:21,Digital Wallet
TXN-202062,CUST-5697,63.0,Male,61194.7,North Zone,Electronics,2,544.27,0.0,2025-01-02 18:22,Digital Wallet
TXN-202063,CUST-5272,62.0,Male,54328.01,East Zone,Apparel & Fashion,7,724.88,0.0,2025-01-02 18:23,NetBanking
TXN-202064,CUST-5440,18.0,Male,49000.83,North Zone,Home Electronics,6,310.34,0.05,2025-01-02 18:24,Credit Card
TXN-202065,CUST-5748,57.0,Male,26751.39,South Zone,Home Electronics,1,128.5,0.0,2025-01-02 18:25,Digital Wallet
TXN-202066,CUST-5239,61.0,Female,48609.63,West Zone,Apparel & Fashion,5,286.16,0.05,2025-01-02 18:26,NetBanking
TXN-202067,CUST-5377,36.0,Female,52522.54,West Zone,Beauty & Health,4,389.97,0.05,2025-01-02 18:27,Digital Wallet
TXN-202068,CUST-5266,29.0,Male,64797.77,West Zone,Books & Media,6,455.96,0.1,2025-01-02 18:28,NetBanking
TXN-202069,CUST-5926,25.0,Female,98317.09,South Zone,Apparel & Fashion,2,436.88,0.0,2025-01-02 18:29,UPI Payment
TXN-202070,CUST-5921,25.0,Female,50604.81,South Zone,Apparel & Fashion,4,466.64,0.0,2025-01-02 18:30,UPI Payment
TXN-202071,CUST-5359,78.0,Female,43060.98,South Zone,Apparel & Fashion,3,716.32,0.25,2025-01-02 18:31,NetBanking
TXN-202072,CUST-5340,70.0,Male,48781.82,West Zone,Apparel & Fashion,6,149.15,0.0,2025-01-02 18:32,UPI Payment
TXN-202073,CUST-5389,62.0,Other,64836.88,North Zone,Apparel & Fashion,6,272.41,0.0,2025-01-02 18:33,UPI Payment
TXN-202074,CUST-5577,29.0,Male,72889.76,South Zone,Beauty & Health,5,755.93,0.1,2025-01-02 18:34,UPI Payment
TXN-202075,CUST-5990,78.0,Male,75474.39,East Zone,Electronics,5,478.81,0.0,2025-01-02 18:35,Digital Wallet
TXN-202076,CUST-5689,65.0,Male,77312.6,South Zone,Books & Media,2,498.17,0.0,2025-01-02 18:36,NetBanking
TXN-202077,CUST-5003,50.0,Female,79930.77,East Zone,Electronics,6,409.22,0.0,2025-01-02 18:37,Credit Card
TXN-202078,CUST-5429,62.0,Male,56840.65,West Zone,Apparel & Fashion,5,469.11,0.0,2025-01-02 18:38,Credit Card
TXN-202079,CUST-5142,43.0,Male,99983.09,East Zone,Electronics,3,172.78,0.0,2025-01-02 18:39,NetBanking
TXN-202080,CUST-5376,56.0,Male,55436.78,South Zone,Beauty & Health,7,467.33,0.0,2025-01-02 18:40,Digital Wallet
TXN-202081,CUST-5670,45.0,Female,64022.8,South Zone,Home Electronics,7,847.61,0.0,2025-01-02 18:41,UPI Payment
TXN-202082,CUST-5324,75.0,Female,,North Zone,Electronics,7,483.53,0.1,2025-01-02 18:42,UPI Payment
TXN-202083,CUST-5146,22.0,Male,72478.86,West Zone,Books & Media,5,43.0,0.05,2025-01-02 18:43,Digital Wallet
TXN-202084,CUST-5958,25.0,Female,20544.34,East Zone,Beauty & Health,6,678.09,0.05,2025-01-02 18:44,Credit Card
TXN-202085,CUST-5293,42.0,Female,62104.26,West Zone,Home Electronics,7,340.32,0.0,2025-01-02 18:45,NetBanking
TXN-202086,CUST-5665,44.0,Female,77946.35,South Zone,Beauty & Health,1,135.28,0.1,2025-01-02 18:46,NetBanking
TXN-202087,CUST-5432,63.0,Male,37145.8,North Zone,Apparel & Fashion,4,733.9,0.1,2025-01-02 18:47,Digital Wallet
TXN-202088,CUST-5705,40.0,Female,75887.82,South Zone,Home Electronics,6,172.69,0.1,2025-01-02 18:48,UPI Payment
TXN-202089,CUST-5949,47.0,Female,69217.85,South Zone,Books & Media,3,783.09,0.1,2025-01-02 18:49,UPI Payment
TXN-202090,CUST-5975,62.0,Female,,South Zone,Home Electronics,6,378.6,0.0,2025-01-02 18:50,UPI Payment
TXN-202091,CUST-5585,64.0,Male,49199.27,East Zone,Books & Media,3,632.79,0.05,2025-01-02 18:51,NetBanking
TXN-202092,CUST-5399,40.0,Female,80424.03,South Zone,Apparel & Fashion,6,467.44,0.05,2025-01-02 18:52,Credit Card
TXN-202093,CUST-5817,66.0,Female,64952.75,West Zone,Books & Media,7,222.22,0.0,2025-01-02 18:53,NetBanking
TXN-202094,CUST-5889,64.0,Female,94671.93,West Zone,Beauty & Health,4,572.24,0.0,2025-01-02 18:54,Digital Wallet
TXN-202095,CUST-5344,37.0,Male,113541.92,North Zone,Electronics,4,814.46,0.0,2025-01-02 18:55,NetBanking
TXN-202096,CUST-5964,35.0,Male,90459.11,West Zone,Beauty & Health,3,655.46,0.0,2025-01-02 18:56,Digital Wallet
TXN-202097,CUST-5140,35.0,Female,70889.6,South Zone,Beauty & Health,6,515.59,0.25,2025-01-02 18:57,NetBanking
TXN-202098,CUST-5187,19.0,Female,104938.57,South Zone,Home Electronics,4,842.09,0.05,2025-01-02 18:58,Credit Card
TXN-202099,CUST-5805,21.0,Male,73164.34,West Zone,Apparel & Fashion,2,229.57,0.0,2025-01-02 18:59,Digital Wallet
TXN-202100,CUST-5061,47.0,Other,45203.0,North Zone,Electronics,6,58.15,0.0,2025-01-02 19:00,UPI Payment
TXN-202101,CUST-5997,50.0,Male,61273.44,North Zone,Books & Media,4,32.63,0.05,2025-01-02 19:01,UPI Payment
TXN-202102,CUST-5939,80.0,Female,76090.94,West Zone,Home Electronics,1,605.68,0.0,2025-01-02 19:02,NetBanking
TXN-202103,CUST-5380,53.0,Female,77280.15,East Zone,Apparel & Fashion,1,706.63,0.0,2025-01-02 19:03,NetBanking
TXN-202104,CUST-5710,35.0,Female,41182.6,East Zone,Electronics,2,541.84,0.0,2025-01-02 19:04,Credit Card
TXN-202105,CUST-5807,,Female,41769.65,East Zone,Beauty & Health,4,769.79,0.0,2025-01-02 19:05,Credit Card
TXN-202106,CUST-5440,36.0,Male,55685.77,East Zone,Apparel & Fashion,1,594.94,0.0,2025-01-02 19:06,UPI Payment
TXN-202107,CUST-5319,64.0,Female,71889.06,West Zone,Apparel & Fashion,7,318.77,0.05,2025-01-02 19:07,NetBanking
TXN-202108,CUST-5302,45.0,Male,74257.41,North Zone,Apparel & Fashion,6,158.57,0.0,2025-01-02 19:08,Digital Wallet
TXN-202109,CUST-5344,57.0,Female,64614.14,South Zone,Beauty & Health,5,786.36,0.0,2025-01-02 19:09,Credit Card
TXN-202110,CUST-5011,37.0,Female,46563.07,South Zone,Books & Media,4,92.99,0.05,2025-01-02 19:10,Digital Wallet
TXN-202111,CUST-5062,66.0,Female,94133.44,West Zone,Home Electronics,2,464.05,0.1,2025-01-02 19:11,Digital Wallet
TXN-202112,CUST-5845,50.0,Male,42166.93,South Zone,Books & Media,4,270.68,0.0,2025-01-02 19:12,Credit Card
TXN-202113,CUST-5226,29.0,Female,86093.3,East Zone,Electronics,3,234.71,0.05,2025-01-02 19:13,NetBanking
TXN-202114,CUST-5153,75.0,Male,75668.23,North Zone,Home Electronics,3,550.91,0.25,2025-01-02 19:14,Digital Wallet
TXN-202115,CUST-5711,68.0,Male,85686.15,West Zone,Electronics,1,200.78,0.25,2025-01-02 19:15,NetBanking
TXN-202116,CUST-5564,32.0,Female,53777.98,North Zone,Beauty & Health,3,779.37,0.1,2025-01-02 19:16,Digital Wallet
TXN-202117,CUST-5772,58.0,Female,59360.9,West Zone,Books & Media,2,348.4,0.05,2025-01-02 19:17,NetBanking
TXN-202118,CUST-5571,56.0,Female,63018.29,West Zone,Apparel & Fashion,1,577.54,0.0,2025-01-02 19:18,NetBanking
TXN-202119,CUST-5584,19.0,Male,53186.64,West Zone,Home Electronics,2,620.09,0.05,2025-01-02 19:19,NetBanking
TXN-202120,CUST-5660,80.0,Male,66167.28,West Zone,Apparel & Fashion,6,582.24,0.05,2025-01-02 19:20,NetBanking
TXN-202121,CUST-5861,46.0,Female,91213.15,North Zone,Electronics,2,768.42,0.0,2025-01-02 19:21,Credit Card
TXN-202122,CUST-5575,58.0,Female,38008.57,South Zone,Apparel & Fashion,3,200.69,0.0,2025-01-02 19:22,Digital Wallet
TXN-202123,CUST-5310,27.0,Male,49841.58,West Zone,Apparel & Fashion,6,78.17,0.05,2025-01-02 19:23,NetBanking
TXN-202124,CUST-5885,19.0,Female,47833.71,East Zone,Beauty & Health,3,52.34,0.25,2025-01-02 19:24,UPI Payment
TXN-202125,CUST-5243,,Female,60253.26,West Zone,Beauty & Health,2,746.84,0.0,2025-01-02 19:25,Digital Wallet
TXN-202126,CUST-5493,28.0,Female,59492.76,North Zone,Books & Media,3,827.44,0.0,2025-01-02 19:26,Digital Wallet
TXN-202127,CUST-5366,30.0,Female,76287.82,West Zone,Electronics,3,260.98,0.05,2025-01-02 19:27,NetBanking
TXN-202128,CUST-5330,27.0,Female,62623.88,East Zone,Beauty & Health,3,591.17,0.0,2025-01-02 19:28,Digital Wallet
TXN-202129,CUST-5107,31.0,Female,67603.34,North Zone,Beauty & Health,4,13.03,0.05,2025-01-02 19:29,UPI Payment
TXN-202130,CUST-5226,35.0,Female,,West Zone,Books & Media,6,164.8,0.0,2025-01-02 19:30,UPI Payment
TXN-202131,CUST-5825,68.0,Male,66539.98,East Zone,Home Electronics,6,587.59,0.0,2025-01-02 19:31,UPI Payment
TXN-202132,CUST-5218,71.0,Female,75011.29,North Zone,Books & Media,7,61.14,0.05,2025-01-02 19:32,Digital Wallet
TXN-202133,CUST-5937,26.0,Female,59737.02,West Zone,Apparel & Fashion,6,401.16,0.0,2025-01-02 19:33,Digital Wallet
TXN-202134,CUST-5753,74.0,Female,92457.82,East Zone,Apparel & Fashion,7,565.05,0.0,2025-01-02 19:34,NetBanking
TXN-202135,CUST-5506,56.0,Male,109019.97,North Zone,Beauty & Health,2,652.35,0.0,2025-01-02 19:35,Digital Wallet
TXN-202136,CUST-5259,45.0,Female,,West Zone,Beauty & Health,7,388.75,0.0,2025-01-02 19:36,Digital Wallet
TXN-202137,CUST-5888,20.0,Female,66217.84,North Zone,Books & Media,7,537.77,0.05,2025-01-02 19:37,NetBanking
TXN-202138,CUST-5774,37.0,Male,73554.77,East Zone,Books & Media,5,461.17,0.0,2025-01-02 19:38,UPI Payment
TXN-202139,CUST-5517,23.0,Male,41630.89,West Zone,Electronics,2,49.67,0.0,2025-01-02 19:39,NetBanking
TXN-202140,CUST-5773,44.0,Female,65331.95,West Zone,Apparel & Fashion,6,632.8,0.0,2025-01-02 19:40,Credit Card
TXN-202141,CUST-5054,70.0,Male,48470.49,West Zone,Books & Media,1,151.06,0.0,2025-01-02 19:41,Digital Wallet
TXN-202142,CUST-5047,19.0,Other,71434.57,East Zone,Home Electronics,3,32.36,0.1,2025-01-02 19:42,Digital Wallet
TXN-202143,CUST-5727,46.0,Female,48562.35,South Zone,Electronics,3,386.51,0.0,2025-01-02 19:43,Credit Card
TXN-202144,CUST-5689,55.0,Female,55621.62,West Zone,Books & Media,5,736.53,0.1,2025-01-02 19:44,Credit Card
TXN-202145,CUST-5521,20.0,Male,27368.54,East Zone,Beauty & Health,1,132.88,0.0,2025-01-02 19:45,Credit Card
TXN-202146,CUST-5099,33.0,Male,40294.95,North Zone,Books & Media,4,16.36,0.0,2025-01-02 19:46,NetBanking
TXN-202147,CUST-5020,47.0,Female,68565.17,North Zone,Beauty & Health,7,98.38,0.05,2025-01-02 19:47,UPI Payment
TXN-202148,CUST-5890,57.0,Male,45926.35,East Zone,Beauty & Health,2,312.61,0.1,2025-01-02 19:48,NetBanking
TXN-202149,CUST-5753,19.0,Female,81679.82,South Zone,Apparel & Fashion,4,495.46,0.25,2025-01-02 19:49,Credit Card
TXN-202150,CUST-5573,34.0,Male,44353.05,East Zone,Apparel & Fashion,1,168.5,0.0,2025-01-02 19:50,NetBanking
TXN-202151,CUST-5891,58.0,Male,70385.21,North Zone,Books & Media,5,682.76,0.0,2025-01-02 19:51,Digital Wallet
TXN-202152,CUST-5490,79.0,Male,47905.3,North Zone,Books & Media,1,641.66,0.1,2025-01-02 19:52,NetBanking
TXN-202153,CUST-5419,29.0,Female,69131.19,West Zone,Home Electronics,5,593.16,0.0,2025-01-02 19:53,Credit Card
TXN-202154,CUST-5690,,Other,33606.43,South Zone,Electronics,4,417.17,0.1,2025-01-02 19:54,Digital Wallet
TXN-202155,CUST-5850,60.0,Male,53616.11,East Zone,Electronics,4,313.93,0.05,2025-01-02 19:55,UPI Payment
TXN-202156,CUST-5062,18.0,Male,46345.05,North Zone,Books & Media,1,322.68,0.25,2025-01-02 19:56,NetBanking
TXN-202157,CUST-5145,72.0,Male,78339.8,North Zone,Apparel & Fashion,1,430.34,0.1,2025-01-02 19:57,NetBanking
TXN-202158,CUST-5216,62.0,Female,70551.86,North Zone,Home Electronics,7,70.79,0.0,2025-01-02 19:58,Credit Card
TXN-202159,CUST-5003,32.0,Male,39197.34,East Zone,Electronics,3,581.71,0.05,2025-01-02 19:59,UPI Payment
TXN-202160,CUST-5160,43.0,Female,58241.16,East Zone,Books & Media,5,302.35,0.0,2025-01-02 20:00,Digital Wallet
TXN-202161,CUST-5739,54.0,Female,47712.12,South Zone,Apparel & Fashion,3,195.31,0.0,2025-01-02 20:01,Credit Card
TXN-202162,CUST-5998,38.0,Female,79579.76,West Zone,Apparel & Fashion,2,240.55,0.0,2025-01-02 20:02,Credit Card
TXN-202163,CUST-5781,79.0,Male,85523.2,West Zone,Apparel & Fashion,2,157.76,0.0,2025-01-02 20:03,NetBanking
TXN-202164,CUST-5120,66.0,Other,35329.56,West Zone,Beauty & Health,1,766.87,0.05,2025-01-02 20:04,UPI Payment
TXN-202165,CUST-5893,80.0,Male,77294.01,North Zone,Apparel & Fashion,4,148.25,0.25,2025-01-02 20:05,Credit Card
TXN-202166,CUST-5089,48.0,Male,46769.02,West Zone,Books & Media,2,751.13,0.05,2025-01-02 20:06,NetBanking
TXN-202167,CUST-5329,42.0,Female,57321.04,North Zone,Home Electronics,2,488.76,0.0,2025-01-02 20:07,Digital Wallet
TXN-202168,CUST-5580,40.0,Female,62596.7,South Zone,Books & Media,3,738.06,0.1,2025-01-02 20:08,Credit Card
TXN-202169,CUST-5910,41.0,Male,95607.21,North Zone,Apparel & Fashion,3,405.85,0.1,2025-01-02 20:09,Digital Wallet
TXN-202170,CUST-5357,74.0,Male,43428.78,South Zone,Home Electronics,7,788.89,0.05,2025-01-02 20:10,Digital Wallet
TXN-202171,CUST-5610,55.0,Female,77442.87,South Zone,Electronics,7,184.1,0.05,2025-01-02 20:11,NetBanking
TXN-202172,CUST-5267,45.0,Male,40327.17,West Zone,Electronics,2,473.94,0.1,2025-01-02 20:12,UPI Payment
TXN-202173,CUST-5617,38.0,Female,39049.02,West Zone,Books & Media,1,111.77,0.0,2025-01-02 20:13,Digital Wallet
TXN-202174,CUST-5952,71.0,Female,62526.57,North Zone,Home Electronics,3,383.18,0.25,2025-01-02 20:14,Credit Card
TXN-202175,CUST-5323,60.0,Male,62402.0,East Zone,Books & Media,2,486.78,0.25,2025-01-02 20:15,UPI Payment
TXN-202176,CUST-5635,35.0,Male,9602.11,West Zone,Home Electronics,4,516.99,0.1,2025-01-02 20:16,UPI Payment
TXN-202177,CUST-5988,53.0,Male,83452.53,West Zone,Home Electronics,3,314.19,0.0,2025-01-02 20:17,NetBanking
TXN-202178,CUST-5541,52.0,Female,22426.39,East Zone,Books & Media,2,69.97,0.1,2025-01-02 20:18,Credit Card
TXN-202179,CUST-5649,62.0,Female,59300.16,East Zone,Home Electronics,7,558.92,0.0,2025-01-02 20:19,Credit Card
TXN-202180,CUST-5195,72.0,Male,86560.89,West Zone,Apparel & Fashion,5,417.98,0.05,2025-01-02 20:20,NetBanking
TXN-202181,CUST-5921,26.0,Female,,East Zone,Home Electronics,3,121.09,0.1,2025-01-02 20:21,NetBanking
TXN-202182,CUST-5738,70.0,Other,55283.58,North Zone,Home Electronics,5,795.85,0.0,2025-01-02 20:22,UPI Payment
TXN-202183,CUST-5332,55.0,Male,35490.44,South Zone,Books & Media,3,812.56,0.0,2025-01-02 20:23,Digital Wallet
TXN-202184,CUST-5170,75.0,Female,85875.14,South Zone,Electronics,3,728.9,0.1,2025-01-02 20:24,Digital Wallet
TXN-202185,CUST-5521,47.0,Male,78005.4,West Zone,Beauty & Health,7,718.15,0.1,2025-01-02 20:25,Digital Wallet
TXN-202186,CUST-5463,77.0,Male,52953.64,West Zone,Home Electronics,6,88.83,0.1,2025-01-02 20:26,Digital Wallet
TXN-202187,CUST-5040,61.0,Male,50608.86,North Zone,Beauty & Health,6,844.44,0.0,2025-01-02 20:27,Credit Card
TXN-202188,CUST-5537,51.0,Male,48728.24,East Zone,Home Electronics,5,343.62,0.05,2025-01-02 20:28,Credit Card
TXN-202189,CUST-5261,49.0,Male,55625.15,West Zone,Books & Media,1,143.26,0.0,2025-01-02 20:29,NetBanking
TXN-202190,CUST-5395,20.0,Male,67847.26,South Zone,Books & Media,2,691.32,0.1,2025-01-02 20:30,NetBanking
TXN-202191,CUST-5955,20.0,Female,51528.73,North Zone,Home Electronics,1,196.13,0.0,2025-01-02 20:31,Digital Wallet
TXN-202192,CUST-5226,45.0,Female,53867.76,North Zone,Books & Media,1,449.86,0.05,2025-01-02 20:32,NetBanking
TXN-202193,CUST-5984,61.0,Female,73863.66,East Zone,Books & Media,6,113.61,0.0,2025-01-02 20:33,Credit Card
TXN-202194,CUST-5124,32.0,Male,34575.34,West Zone,Home Electronics,2,406.34,0.25,2025-01-02 20:34,Digital Wallet
TXN-202195,CUST-5975,58.0,Male,55045.19,West Zone,Electronics,6,476.85,0.05,2025-01-02 20:35,Digital Wallet
TXN-202196,CUST-5038,80.0,Male,30995.09,North Zone,Home Electronics,6,382.08,0.05,2025-01-02 20:36,Credit Card
TXN-202197,CUST-5328,40.0,Female,64005.63,South Zone,Electronics,7,64.18,0.0,2025-01-02 20:37,UPI Payment
TXN-202198,CUST-5251,57.0,Female,26121.0,West Zone,Books & Media,6,415.03,0.05,2025-01-02 20:38,Digital Wallet
TXN-202199,CUST-5901,28.0,Male,78465.19,South Zone,Electronics,4,401.52,0.0,2025-01-02 20:39,NetBanking
TXN-202200,CUST-5176,65.0,Male,37679.21,North Zone,Books & Media,1,226.44,0.0,2025-01-02 20:40,UPI Payment
TXN-202201,CUST-5602,49.0,Female,29207.3,West Zone,Electronics,7,783.79,0.05,2025-01-02 20:41,Credit Card
TXN-202202,CUST-5914,75.0,Male,,South Zone,Electronics,7,358.33,0.1,2025-01-02 20:42,UPI Payment
TXN-202203,CUST-5454,76.0,Male,93655.48,North Zone,Home Electronics,1,735.25,0.0,2025-01-02 20:43,UPI Payment
TXN-202204,CUST-5037,74.0,Female,75157.06,South Zone,Electronics,7,98.11,0.0,2025-01-02 20:44,Digital Wallet
TXN-202205,CUST-5316,71.0,Female,26437.19,West Zone,Books & Media,1,274.79,0.05,2025-01-02 20:45,UPI Payment
TXN-202206,CUST-5688,53.0,Male,37152.18,East Zone,Home Electronics,4,154.41,0.1,2025-01-02 20:46,NetBanking
TXN-202207,CUST-5973,77.0,Male,54681.39,South Zone,Electronics,3,350.4,0.0,2025-01-02 20:47,Digital Wallet
TXN-202208,CUST-5796,50.0,Other,103409.53,East Zone,Home Electronics,7,99.78,0.25,2025-01-02 20:48,Credit Card
TXN-202209,CUST-5965,41.0,Male,44629.35,West Zone,Beauty & Health,5,377.95,0.25,2025-01-02 20:49,NetBanking
TXN-202210,CUST-5973,56.0,Male,44778.62,East Zone,Home Electronics,5,304.34,0.0,2025-01-02 20:50,Digital Wallet
TXN-202211,CUST-5593,51.0,Male,90257.44,North Zone,Beauty & Health,4,194.09,0.0,2025-01-02 20:51,UPI Payment
TXN-202212,CUST-5114,73.0,Male,65605.78,East Zone,Beauty & Health,1,547.82,0.05,2025-01-02 20:52,NetBanking
TXN-202213,CUST-5040,45.0,Male,81480.5,South Zone,Home Electronics,5,808.54,0.25,2025-01-02 20:53,Digital Wallet
TXN-202214,CUST-5301,54.0,Female,48548.66,South Zone,Books & Media,4,180.41,0.05,2025-01-02 20:54,Digital Wallet
TXN-202215,CUST-5224,24.0,Male,60119.74,East Zone,Books & Media,6,606.61,0.0,2025-01-02 20:55,Credit Card
TXN-202216,CUST-5318,21.0,Male,86339.19,North Zone,Books & Media,2,4500.0,0.0,2025-01-02 20:56,Digital Wallet
TXN-202217,CUST-5349,54.0,Female,59320.44,West Zone,Apparel & Fashion,5,426.16,0.0,2025-01-02 20:57,Credit Card
TXN-202218,CUST-5115,73.0,Female,82776.48,East Zone,Beauty & Health,2,763.58,0.05,2025-01-02 20:58,UPI Payment
TXN-202219,CUST-5698,18.0,Female,69164.45,South Zone,Home Electronics,1,821.62,0.0,2025-01-02 20:59,Digital Wallet
TXN-202220,CUST-5323,18.0,Female,42766.86,South Zone,Books & Media,5,311.42,0.0,2025-01-02 21:00,Digital Wallet
TXN-202221,CUST-5568,64.0,Male,61698.13,East Zone,Books & Media,4,555.3,0.0,2025-01-02 21:01,UPI Payment
TXN-202222,CUST-5040,37.0,Female,80155.6,East Zone,Home Electronics,3,564.74,0.0,2025-01-02 21:02,Digital Wallet
TXN-202223,CUST-5866,36.0,Female,74384.2,East Zone,Beauty & Health,5,346.37,0.0,2025-01-02 21:03,Digital Wallet
TXN-202224,CUST-5040,46.0,Other,61255.32,West Zone,Home Electronics,5,273.03,0.0,2025-01-02 21:04,NetBanking
TXN-202225,CUST-5859,27.0,Female,27003.28,South Zone,Apparel & Fashion,5,794.05,0.1,2025-01-02 21:05,Credit Card
TXN-202226,CUST-5973,77.0,Other,28774.16,South Zone,Apparel & Fashion,5,672.64,0.0,2025-01-02 21:06,Digital Wallet
TXN-202227,CUST-5749,35.0,Female,32708.85,South Zone,Home Electronics,4,102.17,0.05,2025-01-02 21:07,Digital Wallet
TXN-202228,CUST-5289,45.0,Male,52556.82,West Zone,Beauty & Health,4,106.74,0.0,2025-01-02 21:08,Credit Card
TXN-202229,CUST-5262,52.0,Female,55023.32,North Zone,Books & Media,3,784.59,0.0,2025-01-02 21:09,NetBanking
TXN-202230,CUST-5216,60.0,Other,34704.89,South Zone,Apparel & Fashion,4,74.25,0.0,2025-01-02 21:10,Credit Card
TXN-202231,CUST-5147,64.0,Female,80916.49,South Zone,Apparel & Fashion,4,586.87,0.0,2025-01-02 21:11,Digital Wallet
TXN-202232,CUST-5336,48.0,Male,38620.27,North Zone,Beauty & Health,1,197.0,0.0,2025-01-02 21:12,UPI Payment
TXN-202233,CUST-5168,44.0,Female,36644.66,West Zone,Apparel & Fashion,7,35.21,0.1,2025-01-02 21:13,UPI Payment
TXN-202234,CUST-5092,79.0,Male,63632.36,North Zone,Apparel & Fashion,1,55.86,0.0,2025-01-02 21:14,NetBanking
TXN-202235,CUST-5353,28.0,Male,80017.24,North Zone,Beauty & Health,7,320.94,0.0,2025-01-02 21:15,NetBanking
TXN-202236,CUST-5571,66.0,Male,100014.81,North Zone,Home Electronics,2,71.02,0.1,2025-01-02 21:16,Digital Wallet
TXN-202237,CUST-5571,66.0,Male,72777.08,North Zone,Books & Media,3,509.36,0.0,2025-01-02 21:17,NetBanking
TXN-202238,CUST-5816,55.0,Female,91226.85,West Zone,Books & Media,7,552.11,0.05,2025-01-02 21:18,Digital Wallet
TXN-202239,CUST-5681,81.0,Male,39576.95,West Zone,Apparel & Fashion,1,320.89,0.0,2025-01-02 21:19,UPI Payment
TXN-202240,CUST-5781,22.0,Female,101955.18,North Zone,Books & Media,3,632.86,0.0,2025-01-02 21:20,NetBanking
TXN-202241,CUST-5363,25.0,Male,27562.54,East Zone,Home Electronics,3,419.34,0.05,2025-01-02 21:21,Digital Wallet
TXN-202242,CUST-5557,51.0,Male,52678.97,East Zone,Apparel & Fashion,5,368.83,0.25,2025-01-02 21:22,Credit Card
TXN-202243,CUST-5345,65.0,Male,72372.07,East Zone,Books & Media,6,349.2,0.0,2025-01-02 21:23,NetBanking
TXN-202244,CUST-5693,69.0,Male,32303.49,East Zone,Electronics,6,369.57,0.0,2025-01-02 21:24,Digital Wallet
TXN-202245,CUST-5170,73.0,Male,44849.57,South Zone,Electronics,6,822.88,0.0,2025-01-02 21:25,Digital Wallet
TXN-202246,CUST-5356,29.0,Male,41910.43,West Zone,Electronics,3,580.95,0.0,2025-01-02 21:26,Credit Card
TXN-202247,CUST-5191,55.0,Female,56260.91,West Zone,Electronics,5,271.69,0.25,2025-01-02 21:27,UPI Payment
TXN-202248,CUST-5667,18.0,Male,88299.28,North Zone,Electronics,2,625.24,0.0,2025-01-02 21:28,Credit Card
TXN-202249,CUST-5422,48.0,Male,62311.26,South Zone,Apparel & Fashion,2,284.41,0.1,2025-01-02 21:29,Digital Wallet
TXN-202250,CUST-5700,21.0,Male,53433.32,North Zone,Beauty & Health,6,111.67,0.0,2025-01-02 21:30,Credit Card
TXN-202251,CUST-5007,66.0,Female,8640.0,North Zone,Beauty & Health,2,406.94,0.1,2025-01-02 21:31,Credit Card
TXN-202252,CUST-5133,,Female,70634.97,West Zone,Apparel & Fashion,5,639.74,0.0,2025-01-02 21:32,Digital Wallet
TXN-202253,CUST-5747,67.0,Female,76615.29,South Zone,Apparel & Fashion,6,324.43,0.1,2025-01-02 21:33,UPI Payment
TXN-202254,CUST-5557,22.0,Male,30549.63,East Zone,Home Electronics,7,739.52,0.0,2025-01-02 21:34,Credit Card
TXN-202255,CUST-5826,47.0,Male,60761.01,West Zone,Beauty & Health,7,332.28,0.1,2025-01-02 21:35,Credit Card
TXN-202256,CUST-5761,73.0,Other,65570.65,South Zone,Electronics,5,300.94,0.05,2025-01-02 21:36,NetBanking
TXN-202257,CUST-5031,41.0,Male,79845.13,South Zone,Apparel & Fashion,2,848.52,0.0,2025-01-02 21:37,NetBanking
TXN-202258,CUST-5535,76.0,Male,48591.78,West Zone,Electronics,6,412.95,0.1,2025-01-02 21:38,Digital Wallet
TXN-202259,CUST-5426,20.0,Male,45805.83,West Zone,Beauty & Health,7,685.51,0.05,2025-01-02 21:39,Digital Wallet
TXN-202260,CUST-5394,28.0,Male,53554.8,North Zone,Books & Media,5,685.31,0.1,2025-01-02 21:40,Digital Wallet
TXN-202261,CUST-5672,62.0,Male,85762.09,North Zone,Books & Media,4,787.82,0.0,2025-01-02 21:41,NetBanking
TXN-202262,CUST-5363,21.0,Female,81311.14,North Zone,Apparel & Fashion,7,77.19,0.05,2025-01-02 21:42,Digital Wallet
TXN-202263,CUST-5437,43.0,Male,61605.11,East Zone,Home Electronics,4,234.55,0.1,2025-01-02 21:43,Credit Card
TXN-202264,CUST-5670,44.0,Female,80865.87,West Zone,Electronics,5,653.86,0.0,2025-01-02 21:44,Credit Card
TXN-202265,CUST-5551,63.0,Male,18179.21,South Zone,Apparel & Fashion,5,480.62,0.0,2025-01-02 21:45,UPI Payment
TXN-202266,CUST-5927,71.0,Male,76645.6,West Zone,Home Electronics,1,478.09,0.25,2025-01-02 21:46,Digital Wallet
TXN-202267,CUST-5082,60.0,Female,41302.83,South Zone,Electronics,7,145.87,0.0,2025-01-02 21:47,Credit Card
TXN-202268,CUST-5356,81.0,Male,94689.95,East Zone,Beauty & Health,1,242.93,0.0,2025-01-02 21:48,Credit Card
TXN-202269,CUST-5258,44.0,Female,42311.47,West Zone,Books & Media,3,445.77,0.0,2025-01-02 21:49,UPI Payment
TXN-202270,CUST-5718,59.0,Female,46223.9,South Zone,Home Electronics,7,239.58,0.1,2025-01-02 21:50,Credit Card
TXN-202271,CUST-5589,68.0,Male,72404.84,South Zone,Electronics,6,183.08,0.25,2025-01-02 21:51,UPI Payment
TXN-202272,CUST-5989,67.0,Other,74190.65,North Zone,Apparel & Fashion,3,79.61,0.25,2025-01-02 21:52,UPI Payment
TXN-202273,CUST-5524,23.0,Male,53742.86,East Zone,Electronics,3,137.01,0.05,2025-01-02 21:53,NetBanking
TXN-202274,CUST-5295,76.0,Female,,West Zone,Apparel & Fashion,2,654.81,0.0,2025-01-02 21:54,Credit Card
TXN-202275,CUST-5962,78.0,Male,71164.53,North Zone,Books & Media,4,612.51,0.0,2025-01-02 21:55,NetBanking
TXN-202276,CUST-5224,32.0,Female,69272.62,East Zone,Books & Media,2,44.21,0.0,2025-01-02 21:56,Credit Card
TXN-202277,CUST-5525,70.0,Male,54515.73,North Zone,Electronics,6,177.17,0.0,2025-01-02 21:57,NetBanking
TXN-202278,CUST-5046,47.0,Female,71346.4,West Zone,Electronics,5,478.8,0.0,2025-01-02 21:58,UPI Payment
TXN-202279,CUST-5667,59.0,Female,88017.85,South Zone,Apparel & Fashion,1,277.96,0.1,2025-01-02 21:59,UPI Payment
TXN-202280,CUST-5113,54.0,Female,39328.46,West Zone,Apparel & Fashion,6,700.73,0.1,2025-01-02 22:00,UPI Payment
TXN-202281,CUST-5233,75.0,Female,46458.89,East Zone,Home Electronics,5,668.42,0.05,2025-01-02 22:01,UPI Payment
TXN-202282,CUST-5017,78.0,Female,62504.23,West Zone,Home Electronics,6,758.44,0.25,2025-01-02 22:02,Credit Card
TXN-202283,CUST-5360,54.0,Female,42459.86,East Zone,Home Electronics,5,4500.0,0.25,2025-01-02 22:03,Digital Wallet
TXN-202284,CUST-5223,59.0,Male,28637.03,North Zone,Electronics,7,302.83,0.05,2025-01-02 22:04,Credit Card
TXN-202285,CUST-5866,77.0,Male,82222.78,East Zone,Home Electronics,1,517.32,0.0,2025-01-02 22:05,NetBanking
TXN-202286,CUST-5700,54.0,Male,20767.42,South Zone,Electronics,5,80.78,0.0,2025-01-02 22:06,Credit Card
TXN-202287,CUST-5448,52.0,Male,54555.92,South Zone,Books & Media,3,13.6,0.0,2025-01-02 22:07,Credit Card
TXN-202288,CUST-5856,40.0,Male,76040.47,South Zone,Beauty & Health,6,19.94,0.0,2025-01-02 22:08,NetBanking
TXN-202289,CUST-5365,23.0,Female,66933.95,North Zone,Books & Media,1,349.67,0.0,2025-01-02 22:09,UPI Payment
TXN-202290,CUST-5675,21.0,Male,54835.89,East Zone,Electronics,5,198.11,0.25,2025-01-02 22:10,NetBanking
TXN-202291,CUST-5326,35.0,Female,41697.37,North Zone,Electronics,3,138.37,0.0,2025-01-02 22:11,NetBanking
TXN-202292,CUST-5467,77.0,Male,68361.55,West Zone,Beauty & Health,3,525.14,0.0,2025-01-02 22:12,Digital Wallet
TXN-202293,CUST-5414,26.0,Male,43714.7,West Zone,Apparel & Fashion,7,845.86,0.05,2025-01-02 22:13,Digital Wallet
TXN-202294,CUST-5455,,Female,66919.75,West Zone,Apparel & Fashion,4,155.61,0.05,2025-01-02 22:14,UPI Payment
TXN-202295,CUST-5586,46.0,Female,64606.98,West Zone,Apparel & Fashion,3,466.95,0.0,2025-01-02 22:15,NetBanking
TXN-202296,CUST-5233,30.0,Female,64794.11,South Zone,Home Electronics,2,106.61,0.0,2025-01-02 22:16,NetBanking
TXN-202297,CUST-5224,76.0,Female,50154.1,East Zone,Apparel & Fashion,1,794.46,0.25,2025-01-02 22:17,NetBanking
TXN-202298,CUST-5994,64.0,Male,99647.67,South Zone,Home Electronics,1,251.89,0.0,2025-01-02 22:18,Credit Card
TXN-202299,CUST-5831,79.0,Female,68626.82,East Zone,Home Electronics,1,747.26,0.1,2025-01-02 22:19,Digital Wallet
TXN-202300,CUST-5412,,Male,56843.88,East Zone,Apparel & Fashion,5,244.56,0.0,2025-01-02 22:20,Digital Wallet
TXN-202301,CUST-5572,34.0,Male,66889.01,North Zone,Apparel & Fashion,6,686.21,0.0,2025-01-02 22:21,UPI Payment
TXN-202302,CUST-5335,62.0,Male,47672.46,West Zone,Beauty & Health,5,182.32,0.0,2025-01-02 22:22,Digital Wallet
TXN-202303,CUST-5222,49.0,Male,54853.37,East Zone,Beauty & Health,2,252.76,0.1,2025-01-02 22:23,Digital Wallet
TXN-202304,CUST-5037,65.0,Male,106250.52,West Zone,Home Electronics,6,168.05,0.1,2025-01-02 22:24,UPI Payment
TXN-202305,CUST-5989,39.0,Other,47803.46,West Zone,Beauty & Health,7,228.67,0.0,2025-01-02 22:25,NetBanking
TXN-202306,CUST-5278,21.0,Other,60561.21,West Zone,Home Electronics,3,710.54,0.0,2025-01-02 22:26,Credit Card
TXN-202307,CUST-5196,22.0,Male,53562.06,South Zone,Electronics,5,545.16,0.0,2025-01-02 22:27,UPI Payment
TXN-202308,CUST-5916,54.0,Male,42766.77,West Zone,Home Electronics,6,348.27,0.1,2025-01-02 22:28,Digital Wallet
TXN-202309,CUST-5864,58.0,Male,69790.07,East Zone,Home Electronics,3,825.95,0.0,2025-01-02 22:29,UPI Payment
TXN-202310,CUST-5484,66.0,Male,62674.74,South Zone,Beauty & Health,6,398.08,0.0,2025-01-02 22:30,Digital Wallet
TXN-202311,CUST-5242,30.0,Female,78854.01,West Zone,Electronics,3,824.46,0.0,2025-01-02 22:31,NetBanking
TXN-202312,CUST-5324,51.0,Male,76995.69,North Zone,Books & Media,6,171.52,0.0,2025-01-02 22:32,NetBanking
TXN-202313,CUST-5731,,Female,78663.09,West Zone,Books & Media,5,769.47,0.1,2025-01-02 22:33,NetBanking
TXN-202314,CUST-5192,39.0,Male,45013.24,West Zone,Books & Media,5,17.17,0.05,2025-01-02 22:34,Digital Wallet
TXN-202315,CUST-5017,70.0,Other,73857.77,South Zone,Electronics,2,466.01,0.0,2025-01-02 22:35,UPI Payment
TXN-202316,CUST-5524,76.0,Male,74307.52,East Zone,Apparel & Fashion,7,362.77,0.0,2025-01-02 22:36,Digital Wallet
TXN-202317,CUST-5918,40.0,Female,43110.33,West Zone,Electronics,7,448.94,0.0,2025-01-02 22:37,NetBanking
TXN-202318,CUST-5401,68.0,Male,56105.6,South Zone,Beauty & Health,4,472.88,0.0,2025-01-02 22:38,NetBanking
TXN-202319,CUST-5906,20.0,Female,35061.93,South Zone,Home Electronics,1,334.04,0.1,2025-01-02 22:39,NetBanking
TXN-202320,CUST-5886,59.0,Male,74388.02,East Zone,Home Electronics,5,848.48,0.0,2025-01-02 22:40,Digital Wallet
TXN-202321,CUST-5705,51.0,Male,74302.92,South Zone,Beauty & Health,5,830.16,0.0,2025-01-02 22:41,Credit Card
TXN-202322,CUST-5022,49.0,Female,88461.71,East Zone,Beauty & Health,3,817.69,0.0,2025-01-02 22:42,NetBanking
TXN-202323,CUST-5474,62.0,Female,57767.23,North Zone,Home Electronics,4,832.34,0.05,2025-01-02 22:43,UPI Payment
TXN-202324,CUST-5120,68.0,Female,70352.19,West Zone,Apparel & Fashion,7,675.2,0.05,2025-01-02 22:44,NetBanking
TXN-202325,CUST-5210,75.0,Female,80273.1,South Zone,Apparel & Fashion,5,840.36,0.1,2025-01-02 22:45,Digital Wallet
TXN-202326,CUST-5306,66.0,Female,48053.01,North Zone,Apparel & Fashion,6,759.1,0.05,2025-01-02 22:46,UPI Payment
TXN-202327,CUST-5270,,Male,45239.64,South Zone,Beauty & Health,7,356.76,0.1,2025-01-02 22:47,Digital Wallet
TXN-202328,CUST-5704,63.0,Male,48626.62,South Zone,Home Electronics,4,668.24,0.05,2025-01-02 22:48,Credit Card
TXN-202329,CUST-5687,80.0,Male,55538.03,North Zone,Home Electronics,1,775.74,0.0,2025-01-02 22:49,Credit Card
TXN-202330,CUST-5285,61.0,Female,45894.74,South Zone,Home Electronics,6,607.3,0.0,2025-01-02 22:50,Digital Wallet
TXN-202331,CUST-5716,38.0,Male,49423.19,South Zone,Electronics,3,362.54,0.25,2025-01-02 22:51,NetBanking
TXN-202332,CUST-5676,61.0,Male,78296.93,North Zone,Electronics,2,61.06,0.25,2025-01-02 22:52,UPI Payment
TXN-202333,CUST-5763,28.0,Female,60217.59,South Zone,Books & Media,6,689.29,0.05,2025-01-02 22:53,NetBanking
TXN-202334,CUST-5227,56.0,Female,67673.92,East Zone,Electronics,7,810.09,0.05,2025-01-02 22:54,Digital Wallet
TXN-202335,CUST-5948,21.0,Male,51811.74,South Zone,Apparel & Fashion,1,311.6,0.0,2025-01-02 22:55,Digital Wallet
TXN-202336,CUST-5381,68.0,Male,50597.24,West Zone,Apparel & Fashion,6,133.78,0.0,2025-01-02 22:56,NetBanking
TXN-202337,CUST-5460,18.0,Male,67282.78,South Zone,Apparel & Fashion,4,281.23,0.25,2025-01-02 22:57,UPI Payment
TXN-202338,CUST-5007,,Male,64332.15,West Zone,Apparel & Fashion,4,497.52,0.1,2025-01-02 22:58,UPI Payment
TXN-202339,CUST-5029,80.0,Male,76392.75,West Zone,Books & Media,1,273.15,0.0,2025-01-02 22:59,UPI Payment
TXN-202340,CUST-5907,,Female,86079.47,South Zone,Apparel & Fashion,7,521.17,0.0,2025-01-02 23:00,UPI Payment
TXN-202341,CUST-5033,78.0,Female,49208.87,North Zone,Beauty & Health,4,822.01,0.0,2025-01-02 23:01,UPI Payment
TXN-202342,CUST-5646,52.0,Female,77931.91,East Zone,Beauty & Health,6,571.94,0.0,2025-01-02 23:02,Credit Card
TXN-202343,CUST-5879,30.0,Male,42023.59,East Zone,Beauty & Health,2,311.77,0.0,2025-01-02 23:03,Credit Card
TXN-202344,CUST-5079,64.0,Female,100364.91,South Zone,Electronics,6,795.74,0.05,2025-01-02 23:04,Digital Wallet
TXN-202345,CUST-5928,51.0,Male,47453.38,North Zone,Home Electronics,2,483.18,0.0,2025-01-02 23:05,Credit Card
TXN-202346,CUST-5947,28.0,Female,74776.67,North Zone,Books & Media,4,113.91,0.1,2025-01-02 23:06,UPI Payment
TXN-202347,CUST-5459,53.0,Female,41886.05,East Zone,Beauty & Health,6,426.89,0.05,2025-01-02 23:07,UPI Payment
TXN-202348,CUST-5570,68.0,Male,59186.32,North Zone,Beauty & Health,4,557.5,0.1,2025-01-02 23:08,UPI Payment
TXN-202349,CUST-5983,78.0,Male,90596.06,South Zone,Apparel & Fashion,7,713.41,0.1,2025-01-02 23:09,Digital Wallet
TXN-202350,CUST-5538,34.0,Female,46872.47,South Zone,Beauty & Health,2,796.35,0.05,2025-01-02 23:10,Digital Wallet
TXN-202351,CUST-5482,52.0,Male,102777.44,North Zone,Apparel & Fashion,7,273.56,0.1,2025-01-02 23:11,NetBanking
TXN-202352,CUST-5430,77.0,Female,61902.4,South Zone,Apparel & Fashion,4,136.83,0.0,2025-01-02 23:12,Credit Card
TXN-202353,CUST-5738,35.0,Male,80050.68,West Zone,Home Electronics,5,67.85,0.25,2025-01-02 23:13,Credit Card
TXN-202354,CUST-5285,57.0,Female,69454.47,East Zone,Electronics,3,629.04,0.0,2025-01-02 23:14,NetBanking
TXN-202355,CUST-5516,39.0,Male,70455.24,South Zone,Apparel & Fashion,6,677.01,0.25,2025-01-02 23:15,NetBanking
TXN-202356,CUST-5977,74.0,Male,35616.9,North Zone,Apparel & Fashion,5,351.22,0.0,2025-01-02 23:16,Credit Card
TXN-202357,CUST-5099,41.0,Female,53252.22,East Zone,Home Electronics,7,339.86,0.0,2025-01-02 23:17,UPI Payment
TXN-202358,CUST-5397,75.0,Male,84125.56,South Zone,Apparel & Fashion,4,811.35,0.0,2025-01-02 23:18,Credit Card
TXN-202359,CUST-5489,36.0,Male,55630.06,East Zone,Books & Media,4,779.64,0.05,2025-01-02 23:19,UPI Payment
TXN-202360,CUST-5039,54.0,Male,64568.39,North Zone,Electronics,3,202.49,0.0,2025-01-02 23:20,Digital Wallet
TXN-202361,CUST-5271,56.0,Male,33372.69,West Zone,Books & Media,4,664.89,0.05,2025-01-02 23:21,Credit Card
TXN-202362,CUST-5887,38.0,Male,52054.83,West Zone,Beauty & Health,3,531.37,0.1,2025-01-02 23:22,Credit Card
TXN-202363,CUST-5797,25.0,Male,82776.23,South Zone,Electronics,6,135.74,0.0,2025-01-02 23:23,Digital Wallet
TXN-202364,CUST-5157,45.0,Female,38271.36,West Zone,Beauty & Health,2,306.79,0.05,2025-01-02 23:24,Digital Wallet
TXN-202365,CUST-5075,22.0,Male,75265.96,South Zone,Apparel & Fashion,3,155.38,0.0,2025-01-02 23:25,Digital Wallet
TXN-202366,CUST-5884,34.0,Female,65288.9,East Zone,Home Electronics,3,254.76,0.0,2025-01-02 23:26,Digital Wallet
TXN-202367,CUST-5800,54.0,Male,57634.82,South Zone,Books & Media,5,525.12,0.05,2025-01-02 23:27,Digital Wallet
TXN-202368,CUST-5130,53.0,Male,56821.4,South Zone,Beauty & Health,4,322.41,0.0,2025-01-02 23:28,NetBanking
TXN-202369,CUST-5687,71.0,Female,52915.95,South Zone,Apparel & Fashion,6,338.28,0.25,2025-01-02 23:29,NetBanking
TXN-202370,CUST-5974,36.0,Male,54563.54,West Zone,Books & Media,2,461.23,0.05,2025-01-02 23:30,Digital Wallet
TXN-202371,CUST-5084,80.0,Other,79200.19,South Zone,Books & Media,1,79.16,0.1,2025-01-02 23:31,Digital Wallet
TXN-202372,CUST-5022,81.0,Male,54007.19,North Zone,Beauty & Health,7,629.41,0.05,2025-01-02 23:32,Digital Wallet
TXN-202373,CUST-5459,44.0,Female,95440.42,South Zone,Apparel & Fashion,3,344.74,0.1,2025-01-02 23:33,Digital Wallet
TXN-202374,CUST-5539,70.0,Female,67541.35,East Zone,Home Electronics,1,411.2,0.0,2025-01-02 23:34,UPI Payment
TXN-202375,CUST-5707,51.0,Female,51339.15,North Zone,Beauty & Health,4,828.3,0.0,2025-01-02 23:35,UPI Payment
TXN-202376,CUST-5849,28.0,Female,80007.27,East Zone,Books & Media,7,296.32,0.0,2025-01-02 23:36,Digital Wallet
TXN-202377,CUST-5382,71.0,Female,73542.07,East Zone,Books & Media,3,552.92,0.1,2025-01-02 23:37,Digital Wallet
TXN-202378,CUST-5748,62.0,Male,31397.74,East Zone,Electronics,1,336.97,0.0,2025-01-02 23:38,Credit Card
TXN-202379,CUST-5440,64.0,Male,42862.28,North Zone,Apparel & Fashion,5,760.72,0.25,2025-01-02 23:39,Digital Wallet
TXN-202380,CUST-5604,29.0,Female,59864.72,North Zone,Electronics,1,720.59,0.0,2025-01-02 23:40,Digital Wallet
TXN-202381,CUST-5989,71.0,Male,32703.25,West Zone,Home Electronics,7,209.55,0.0,2025-01-02 23:41,NetBanking
TXN-202382,CUST-5021,38.0,Male,100674.8,North Zone,Beauty & Health,5,589.68,0.0,2025-01-02 23:42,UPI Payment
TXN-202383,CUST-5303,71.0,Female,77211.3,South Zone,Books & Media,7,60.54,0.05,2025-01-02 23:43,Digital Wallet
TXN-202384,CUST-5976,28.0,Male,61753.34,East Zone,Apparel & Fashion,2,818.91,0.25,2025-01-02 23:44,UPI Payment
TXN-202385,CUST-5869,56.0,Other,55659.93,West Zone,Books & Media,4,300.22,0.0,2025-01-02 23:45,UPI Payment
TXN-202386,CUST-5955,45.0,Female,50906.22,North Zone,Electronics,6,707.99,0.05,2025-01-02 23:46,Credit Card
TXN-202387,CUST-5084,22.0,Female,25665.41,East Zone,Electronics,1,274.42,0.0,2025-01-02 23:47,UPI Payment
TXN-202388,CUST-5774,34.0,Female,29941.84,North Zone,Beauty & Health,3,539.87,0.05,2025-01-02 23:48,UPI Payment
TXN-202389,CUST-5659,73.0,Male,97170.73,West Zone,Apparel & Fashion,7,836.14,0.0,2025-01-02 23:49,Digital Wallet
TXN-202390,CUST-5953,37.0,Male,91111.59,North Zone,Apparel & Fashion,7,745.92,0.0,2025-01-02 23:50,NetBanking
TXN-202391,CUST-5453,58.0,Female,51348.11,North Zone,Beauty & Health,4,140.93,0.05,2025-01-02 23:51,Digital Wallet
TXN-202392,CUST-5387,63.0,Male,78797.98,East Zone,Electronics,1,467.85,0.05,2025-01-02 23:52,Digital Wallet
TXN-202393,CUST-5507,75.0,Female,71368.78,South Zone,Electronics,3,299.84,0.0,2025-01-02 23:53,NetBanking
TXN-202394,CUST-5257,29.0,Female,73549.33,North Zone,Electronics,3,372.3,0.0,2025-01-02 23:54,NetBanking
TXN-202395,CUST-5570,23.0,Male,35634.21,West Zone,Books & Media,7,288.56,0.05,2025-01-02 23:55,Credit Card
TXN-202396,CUST-5892,34.0,Male,28548.71,North Zone,Home Electronics,6,289.22,0.1,2025-01-02 23:56,NetBanking
TXN-202397,CUST-5934,68.0,Other,83878.0,North Zone,Electronics,7,463.69,0.25,2025-01-02 23:57,Digital Wallet
TXN-202398,CUST-5527,36.0,Male,25382.98,South Zone,Home Electronics,6,167.61,0.1,2025-01-02 23:58,NetBanking
TXN-202399,CUST-5162,43.0,Female,59258.42,East Zone,Home Electronics,7,459.33,0.25,2025-01-02 23:59,NetBanking
TXN-202400,CUST-5957,65.0,Male,55197.51,West Zone,Apparel & Fashion,7,241.09,0.0,2025-01-03 00:00,NetBanking
TXN-202401,CUST-5163,61.0,Female,53487.21,East Zone,Beauty & Health,3,249.55,0.0,2025-01-03 00:01,UPI Payment
TXN-202402,CUST-5832,,Female,67817.34,East Zone,Books & Media,6,629.37,0.0,2025-01-03 00:02,Credit Card
TXN-202403,CUST-5793,69.0,Female,49464.54,East Zone,Home Electronics,3,30.49,0.0,2025-01-03 00:03,UPI Payment
TXN-202404,CUST-5792,49.0,Female,69321.11,North Zone,Books & Media,1,327.21,0.05,2025-01-03 00:04,UPI Payment
TXN-202405,CUST-5524,23.0,Male,64611.38,South Zone,Apparel & Fashion,7,349.66,0.1,2025-01-03 00:05,Credit Card
TXN-202406,CUST-5786,80.0,Male,100826.55,North Zone,Electronics,2,415.18,0.0,2025-01-03 00:06,UPI Payment
TXN-202407,CUST-5271,72.0,Female,36369.93,West Zone,Home Electronics,6,570.48,0.0,2025-01-03 00:07,NetBanking
TXN-202408,CUST-5492,75.0,Male,62541.48,South Zone,Beauty & Health,5,317.7,0.05,2025-01-03 00:08,Credit Card
TXN-202409,CUST-5208,53.0,Female,69979.88,East Zone,Apparel & Fashion,5,185.49,0.05,2025-01-03 00:09,UPI Payment
TXN-202410,CUST-5539,55.0,Female,57256.55,South Zone,Books & Media,5,752.78,0.0,2025-01-03 00:10,Digital Wallet
TXN-202411,CUST-5584,28.0,Female,37264.11,West Zone,Electronics,2,833.99,0.1,2025-01-03 00:11,UPI Payment
TXN-202412,CUST-5060,50.0,Female,85256.4,North Zone,Books & Media,3,22.4,0.0,2025-01-03 00:12,Digital Wallet
TXN-202413,CUST-5430,79.0,Female,68233.29,North Zone,Beauty & Health,3,466.99,0.25,2025-01-03 00:13,NetBanking
TXN-202414,CUST-5985,41.0,Female,38562.41,East Zone,Home Electronics,4,294.07,0.25,2025-01-03 00:14,Digital Wallet
TXN-202415,CUST-5657,40.0,Male,70115.36,North Zone,Beauty & Health,5,239.42,0.0,2025-01-03 00:15,UPI Payment
TXN-202416,CUST-5605,32.0,Male,93478.97,North Zone,Books & Media,5,289.0,0.0,2025-01-03 00:16,UPI Payment
TXN-202417,CUST-5309,44.0,Male,61328.16,West Zone,Books & Media,3,545.03,0.05,2025-01-03 00:17,UPI Payment
TXN-202418,CUST-5520,28.0,Female,61959.07,South Zone,Beauty & Health,5,166.56,0.0,2025-01-03 00:18,Credit Card
TXN-202419,CUST-5591,81.0,Male,91008.09,North Zone,Beauty & Health,3,776.41,0.0,2025-01-03 00:19,Credit Card
TXN-202420,CUST-5027,74.0,Female,,West Zone,Beauty & Health,7,399.13,0.25,2025-01-03 00:20,UPI Payment
TXN-202421,CUST-5686,68.0,Male,93959.71,West Zone,Electronics,7,280.45,0.0,2025-01-03 00:21,UPI Payment
TXN-202422,CUST-5562,67.0,Female,79998.85,East Zone,Books & Media,3,651.99,0.0,2025-01-03 00:22,NetBanking
TXN-202423,CUST-5199,34.0,Male,44901.95,West Zone,Apparel & Fashion,6,19.3,0.05,2025-01-03 00:23,Credit Card
TXN-202424,CUST-5387,68.0,Female,49637.02,East Zone,Electronics,3,370.2,0.0,2025-01-03 00:24,Credit Card
TXN-202425,CUST-5349,70.0,Female,52290.96,North Zone,Electronics,1,305.55,0.0,2025-01-03 00:25,Credit Card
TXN-202426,CUST-5960,31.0,Male,28079.06,East Zone,Electronics,1,291.12,0.0,2025-01-03 00:26,Digital Wallet
TXN-202427,CUST-5940,44.0,Male,66818.73,West Zone,Apparel & Fashion,1,290.16,0.0,2025-01-03 00:27,UPI Payment
TXN-202428,CUST-5693,35.0,Female,45739.48,South Zone,Beauty & Health,1,31.91,0.05,2025-01-03 00:28,NetBanking
TXN-202429,CUST-5536,45.0,Female,67486.2,South Zone,Books & Media,2,133.96,0.25,2025-01-03 00:29,NetBanking
TXN-202430,CUST-5828,68.0,Male,38117.55,North Zone,Home Electronics,4,125.32,0.1,2025-01-03 00:30,UPI Payment
TXN-202431,CUST-5378,64.0,Other,79075.74,North Zone,Home Electronics,4,840.38,0.0,2025-01-03 00:31,UPI Payment
TXN-202432,CUST-5899,80.0,Female,75646.08,South Zone,Books & Media,3,24.22,0.0,2025-01-03 00:32,NetBanking
TXN-202433,CUST-5916,64.0,Other,48941.24,East Zone,Apparel & Fashion,7,146.59,0.05,2025-01-03 00:33,Digital Wallet
TXN-202434,CUST-5558,21.0,Male,68653.51,North Zone,Home Electronics,5,828.19,0.05,2025-01-03 00:34,NetBanking
TXN-202435,CUST-5527,24.0,Female,63534.03,West Zone,Electronics,1,536.06,0.1,2025-01-03 00:35,Digital Wallet
TXN-202436,CUST-5153,62.0,Female,89422.54,North Zone,Home Electronics,4,386.09,0.05,2025-01-03 00:36,Digital Wallet
TXN-202437,CUST-5734,52.0,Female,42899.14,East Zone,Books & Media,4,72.01,0.0,2025-01-03 00:37,Credit Card
TXN-202438,CUST-5206,65.0,Female,59182.49,North Zone,Electronics,1,571.03,0.0,2025-01-03 00:38,UPI Payment
TXN-202439,CUST-5455,80.0,Male,50147.35,West Zone,Home Electronics,7,121.87,0.1,2025-01-03 00:39,Credit Card
TXN-202440,CUST-5273,26.0,Male,62829.14,West Zone,Books & Media,2,572.32,0.25,2025-01-03 00:40,Digital Wallet
TXN-202441,CUST-5894,25.0,Male,71865.56,West Zone,Apparel & Fashion,2,832.41,0.0,2025-01-03 00:41,NetBanking
TXN-202442,CUST-5236,69.0,Male,49941.56,East Zone,Books & Media,4,454.75,0.0,2025-01-03 00:42,Credit Card
TXN-202443,CUST-5852,62.0,Male,55264.03,East Zone,Apparel & Fashion,2,186.29,0.0,2025-01-03 00:43,NetBanking
TXN-202444,CUST-5740,34.0,Male,79871.75,West Zone,Electronics,6,533.55,0.0,2025-01-03 00:44,Digital Wallet
TXN-202445,CUST-5521,34.0,Other,87110.51,West Zone,Books & Media,1,438.67,0.0,2025-01-03 00:45,NetBanking
TXN-202446,CUST-5678,66.0,Male,71130.05,East Zone,Beauty & Health,7,455.74,0.25,2025-01-03 00:46,Credit Card
TXN-202447,CUST-5944,50.0,Female,59447.68,East Zone,Beauty & Health,4,409.26,0.05,2025-01-03 00:47,Digital Wallet
TXN-202448,CUST-5956,49.0,Female,57687.71,East Zone,Beauty & Health,1,574.47,0.1,2025-01-03 00:48,UPI Payment
TXN-202449,CUST-5831,25.0,Female,72140.34,South Zone,Beauty & Health,2,488.51,0.25,2025-01-03 00:49,Credit Card
TXN-202450,CUST-5726,36.0,Male,66213.69,East Zone,Beauty & Health,1,839.02,0.0,2025-01-03 00:50,Credit Card
TXN-202451,CUST-5501,80.0,Female,31493.95,West Zone,Apparel & Fashion,2,702.94,0.05,2025-01-03 00:51,UPI Payment
TXN-202452,CUST-5117,55.0,Female,72589.13,South Zone,Books & Media,7,229.04,0.1,2025-01-03 00:52,Digital Wallet
TXN-202453,CUST-5386,,Female,46079.46,East Zone,Electronics,2,618.4,0.05,2025-01-03 00:53,UPI Payment
TXN-202454,CUST-5344,76.0,Female,35786.68,West Zone,Beauty & Health,1,186.48,0.05,2025-01-03 00:54,Credit Card
TXN-202455,CUST-5584,22.0,Other,31135.62,North Zone,Beauty & Health,7,666.19,0.0,2025-01-03 00:55,Digital Wallet
TXN-202456,CUST-5395,30.0,Female,58002.07,South Zone,Electronics,2,130.11,0.05,2025-01-03 00:56,NetBanking
TXN-202457,CUST-5064,64.0,Male,43194.3,West Zone,Electronics,6,405.42,0.0,2025-01-03 00:57,Credit Card
TXN-202458,CUST-5717,63.0,Female,18962.31,North Zone,Beauty & Health,3,673.17,0.0,2025-01-03 00:58,NetBanking
TXN-202459,CUST-5721,78.0,Male,55368.57,West Zone,Apparel & Fashion,1,242.06,0.0,2025-01-03 00:59,UPI Payment
TXN-202460,CUST-5072,48.0,Female,52924.44,East Zone,Electronics,3,712.45,0.0,2025-01-03 01:00,Digital Wallet
TXN-202461,CUST-5789,72.0,Male,59226.83,East Zone,Books & Media,1,549.49,0.0,2025-01-03 01:01,UPI Payment
TXN-202462,CUST-5274,33.0,Male,50365.39,North Zone,Books & Media,2,341.21,0.0,2025-01-03 01:02,NetBanking
TXN-202463,CUST-5990,67.0,Female,,East Zone,Apparel & Fashion,2,363.08,0.0,2025-01-03 01:03,Credit Card
TXN-202464,CUST-5320,49.0,Female,71570.74,West Zone,Home Electronics,7,787.5,0.0,2025-01-03 01:04,Digital Wallet
TXN-202465,CUST-5338,39.0,Male,52757.15,North Zone,Apparel & Fashion,4,189.42,0.0,2025-01-03 01:05,UPI Payment
TXN-202466,CUST-5366,46.0,Female,60822.9,West Zone,Beauty & Health,6,591.04,0.1,2025-01-03 01:06,NetBanking
TXN-202467,CUST-5495,39.0,Female,88170.89,West Zone,Home Electronics,4,602.81,0.1,2025-01-03 01:07,NetBanking
TXN-202468,CUST-5607,60.0,Male,79697.52,West Zone,Beauty & Health,3,784.51,0.1,2025-01-03 01:08,Credit Card
TXN-202469,CUST-5166,20.0,Female,36170.08,East Zone,Books & Media,2,607.77,0.25,2025-01-03 01:09,NetBanking
TXN-202470,CUST-5544,71.0,Male,43975.62,East Zone,Electronics,4,499.08,0.0,2025-01-03 01:10,Digital Wallet
TXN-202471,CUST-5011,27.0,Female,47535.83,West Zone,Beauty & Health,2,767.68,0.0,2025-01-03 01:11,NetBanking
TXN-202472,CUST-5301,59.0,Female,53865.55,South Zone,Books & Media,1,705.7,0.0,2025-01-03 01:12,Credit Card
TXN-202473,CUST-5729,81.0,Male,50984.67,West Zone,Apparel & Fashion,4,610.82,0.25,2025-01-03 01:13,UPI Payment
TXN-202474,CUST-5801,79.0,Male,62629.17,West Zone,Beauty & Health,3,33.01,0.1,2025-01-03 01:14,Digital Wallet
TXN-202475,CUST-5102,38.0,Male,75610.84,North Zone,Books & Media,7,320.94,0.0,2025-01-03 01:15,UPI Payment
TXN-202476,CUST-5425,33.0,Female,78699.22,West Zone,Electronics,4,539.13,0.0,2025-01-03 01:16,UPI Payment
TXN-202477,CUST-5392,29.0,Female,55954.25,East Zone,Beauty & Health,2,446.54,0.05,2025-01-03 01:17,NetBanking
TXN-202478,CUST-5779,19.0,Female,31758.17,North Zone,Books & Media,5,275.16,0.0,2025-01-03 01:18,NetBanking
TXN-202479,CUST-5214,58.0,Male,42752.42,South Zone,Beauty & Health,5,127.47,0.0,2025-01-03 01:19,Credit Card
TXN-202480,CUST-5691,41.0,Male,52384.17,North Zone,Electronics,7,472.51,0.25,2025-01-03 01:20,NetBanking
TXN-202481,CUST-5088,52.0,Male,38966.86,South Zone,Beauty & Health,7,246.96,0.05,2025-01-03 01:21,NetBanking
TXN-202482,CUST-5553,73.0,Male,83105.89,North Zone,Beauty & Health,6,202.27,0.25,2025-01-03 01:22,UPI Payment
TXN-202483,CUST-5401,47.0,Female,40178.49,North Zone,Books & Media,7,342.42,0.0,2025-01-03 01:23,Digital Wallet
TXN-202484,CUST-5588,74.0,Female,73415.67,South Zone,Home Electronics,2,668.85,0.05,2025-01-03 01:24,NetBanking
TXN-202485,CUST-5889,47.0,Female,30885.21,East Zone,Beauty & Health,1,417.49,0.1,2025-01-03 01:25,Digital Wallet
TXN-202486,CUST-5046,64.0,Male,74158.22,East Zone,Home Electronics,4,188.33,0.05,2025-01-03 01:26,NetBanking
TXN-202487,CUST-5672,52.0,Other,59423.53,East Zone,Apparel & Fashion,7,104.22,0.05,2025-01-03 01:27,NetBanking
TXN-202488,CUST-5463,36.0,Female,89981.82,North Zone,Beauty & Health,5,426.89,0.05,2025-01-03 01:28,Credit Card
TXN-202489,CUST-5592,67.0,Female,41066.09,West Zone,Home Electronics,1,676.34,0.1,2025-01-03 01:29,NetBanking
TXN-202490,CUST-5310,25.0,Female,51563.88,North Zone,Apparel & Fashion,2,556.8,0.0,2025-01-03 01:30,Credit Card
TXN-202491,CUST-5086,43.0,Male,55147.0,West Zone,Books & Media,1,201.55,0.0,2025-01-03 01:31,UPI Payment
TXN-202492,CUST-5092,66.0,Male,59178.75,West Zone,Beauty & Health,2,374.3,0.0,2025-01-03 01:32,Digital Wallet
TXN-202493,CUST-5660,57.0,Female,55599.35,East Zone,Books & Media,6,727.74,0.25,2025-01-03 01:33,NetBanking
TXN-202494,CUST-5673,24.0,Male,55956.45,West Zone,Apparel & Fashion,4,155.53,0.25,2025-01-03 01:34,Credit Card
TXN-202495,CUST-5714,47.0,Male,55653.34,North Zone,Books & Media,1,454.84,0.0,2025-01-03 01:35,UPI Payment
TXN-202496,CUST-5936,24.0,Female,23683.17,North Zone,Books & Media,4,306.34,0.0,2025-01-03 01:36,NetBanking
TXN-202497,CUST-5928,20.0,Female,80376.69,East Zone,Electronics,1,110.37,0.25,2025-01-03 01:37,Credit Card
TXN-202498,CUST-5242,18.0,Female,114931.03,South Zone,Apparel & Fashion,2,47.64,0.0,2025-01-03 01:38,Credit Card
TXN-202499,CUST-5865,53.0,Male,67518.02,North Zone,Books & Media,2,474.93,0.0,2025-01-03 01:39,UPI Payment
